InvoiceNo,StockCode,Description,Quantity,InvoiceDate,UnitPrice,CustomerID,Country
536365,22745,POPPY'S PLAYHOUSE BEDROOM,4,2011-11-03 12:50:00,2.1,12396,France
536365,84029E,RED WOOLLY HOTTIE WHITE HEART,7,2011-11-03 12:50:00,3.39,12396,France
536365,22749,FELTCRAFT PRINCESS CHARLOTTE DOLL,18,2011-11-03 12:50:00,3.75,12396,France
536365,85099B,JUMBO BAG RED RETROSPOT,14,2011-11-03 12:50:00,1.65,12396,France
536365,84879,ASSORTED COLOUR BIRD ORNAMENT,23,2011-11-03 12:50:00,1.69,12396,France
536366,22632,HAND WARMER RED POLKA DOT,12,2011-07-19 08:35:00,1.85,12405,Netherlands
536366,84406B,CREAM CUPID HEARTS COAT HANGER,9,2011-07-19 08:35:00,2.75,12405,Netherlands
536366,22633,HAND WARMER UNION JACK,5,2011-07-19 08:35:00,1.85,12405,Netherlands
536366,22745,POPPY'S PLAYHOUSE BEDROOM,8,2011-07-19 08:35:00,2.1,12405,Netherlands
536366,84029E,RED WOOLLY HOTTIE WHITE HEART,19,2011-07-19 08:35:00,3.39,12405,Netherlands
536367,22745,POPPY'S PLAYHOUSE BEDROOM,16,2011-09-02 15:47:00,2.1,,United Kingdom
536367,85123A,WHITE HANGING HEART T-LIGHT HOLDER,4,2011-09-02 15:47:00,2.55,,United Kingdom
536367,22752,SET 7 BABUSHKA NESTING BOXES,19,2011-09-02 15:47:00,7.65,,United Kingdom
536367,22633,HAND WARMER UNION JACK,13,2011-09-02 15:47:00,1.85,,United Kingdom
536368,22748,POPPY'S PLAYHOUSE KITCHEN,2,2011-09-27 11:45:00,2.1,12376,Germany
536368,22749,FELTCRAFT PRINCESS CHARLOTTE DOLL,2,2011-09-27 11:45:00,3.75,12376,Germany
536368,22745,POPPY'S PLAYHOUSE BEDROOM,20,2011-09-27 11:45:00,2.1,12376,Germany
536368,85123A,WHITE HANGING HEART T-LIGHT HOLDER,9,2011-09-27 11:45:00,2.55,12376,Germany
536368,84029G,KNITTED UNION FLAG HOT WATER BOTTLE,14,2011-09-27 11:45:00,3.39,12376,Germany
536368,85123A,WHITE HANGING HEART T-LIGHT HOLDER,6,2011-09-27 11:45:00,2.55,12376,Germany
536369,84029E,RED WOOLLY HOTTIE WHITE HEART,20,2011-01-24 15:28:00,3.39,12352,Netherlands
536369,22749,FELTCRAFT PRINCESS CHARLOTTE DOLL,9,2011-01-24 15:28:00,3.75,12352,Netherlands
536369,71053,WHITE METAL LANTERN,9,2011-01-24 15:28:00,3.39,12352,Netherlands
536369,21730,GLASS STAR FROSTED T-LIGHT HOLDER,15,2011-01-24 15:28:00,4.25,12352,Netherlands
536370,22632,HAND WARMER RED POLKA DOT,15,2011-09-12 15:09:00,1.85,12356,Spain
536370,71053,WHITE METAL LANTERN,15,2011-09-12 15:09:00,3.39,12356,Spain
536370,22752,SET 7 BABUSHKA NESTING BOXES,13,2011-09-12 15:09:00,7.65,12356,Spain
536370,22745,POPPY'S PLAYHOUSE BEDROOM,14,2011-09-12 15:09:00,2.1,12356,Spain
536370,71053,WHITE METAL LANTERN,22,2011-09-12 15:09:00,3.39,12356,Spain
536371,85123A,WHITE HANGING HEART T-LIGHT HOLDER,19,2010-02-12 17:04:00,2.55,12358,Germany
536371,21730,GLASS STAR FROSTED T-LIGHT HOLDER,17,2010-02-12 17:04:00,4.25,12358,Germany
536371,22748,POPPY'S PLAYHOUSE KITCHEN,21,2010-02-12 17:04:00,2.1,12358,Germany
536372,84029E,RED WOOLLY HOTTIE WHITE HEART,14,2011-01-14 12:01:00,3.39,12371,Germany
536372,22749,FELTCRAFT PRINCESS CHARLOTTE DOLL,17,2011-01-14 12:01:00,3.75,12371,Germany
536373,84029G,KNITTED UNION FLAG HOT WATER BOTTLE,17,2011-09-14 13:23:00,3.39,12366,Australia
536373,71053,WHITE METAL LANTERN,7,2011-09-14 13:23:00,3.39,12366,Australia
536374,85123A,WHITE HANGING HEART T-LIGHT HOLDER,11,2011-04-22 13:49:00,2.55,12357,Spain
536374,22749,FELTCRAFT PRINCESS CHARLOTTE DOLL,9,2011-04-22 13:49:00,3.75,12357,Spain
536374,84029E,RED WOOLLY HOTTIE WHITE HEART,13,2011-04-22 13:49:00,3.39,12357,Spain
536374,22633,HAND WARMER UNION JACK,17,2011-04-22 13:49:00,1.85,12357,Spain
536375,22745,POPPY'S PLAYHOUSE BEDROOM,17,2011-03-08 12:32:00,2.1,12379,Australia
536375,22749,FELTCRAFT PRINCESS CHARLOTTE DOLL,23,2011-03-08 12:32:00,3.75,12379,Australia
536376,22752,SET 7 BABUSHKA NESTING BOXES,10,2011-03-12 16:45:00,7.65,12401,Germany
536376,47566,PARTY BUNTING,7,2011-03-12 16:45:00,4.95,12401,Germany
536376,22633,HAND WARMER UNION JACK,19,2011-03-12 16:45:00,1.85,12401,Germany
536377,84879,ASSORTED COLOUR BIRD ORNAMENT,18,2010-11-04 17:52:00,1.69,12423,Spain
536377,47566,PARTY BUNTING,9,2010-11-04 17:52:00,4.95,12423,Spain
536377,85099B,JUMBO BAG RED RETROSPOT,11,2010-11-04 17:52:00,1.65,12423,Spain
536377,84029E,RED WOOLLY HOTTIE WHITE HEART,24,2010-11-04 17:52:00,3.39,12423,Spain
536378,22749,FELTCRAFT PRINCESS CHARLOTTE DOLL,12,2010-04-04 09:19:00,3.75,12374,Netherlands
536378,85099B,JUMBO BAG RED RETROSPOT,23,2010-04-04 09:19:00,1.65,12374,Netherlands
536379,84029G,KNITTED UNION FLAG HOT WATER BOTTLE,22,2011-10-03 15:41:00,3.39,12372,Germany
536379,22749,FELTCRAFT PRINCESS CHARLOTTE DOLL,21,2011-10-03 15:41:00,3.75,12372,Germany
536379,84029G,KNITTED UNION FLAG HOT WATER BOTTLE,14,2011-10-03 15:41:00,3.39,12372,Germany
536379,22749,FELTCRAFT PRINCESS CHARLOTTE DOLL,12,2011-10-03 15:41:00,3.75,12372,Germany
536379,85099B,JUMBO BAG RED RETROSPOT,20,2011-10-03 15:41:00,1.65,12372,Germany
536380,84879,ASSORTED COLOUR BIRD ORNAMENT,23,2011-01-19 14:17:00,1.69,12409,Spain
536380,22633,HAND WARMER UNION JACK,22,2011-01-19 14:17:00,1.85,12409,Spain
536380,47566,PARTY BUNTING,19,2011-01-19 14:17:00,4.95,12409,Spain
536381,84029E,RED WOOLLY HOTTIE WHITE HEART,18,2010-05-25 12:51:00,3.39,12390,Australia
536381,71053,WHITE METAL LANTERN,24,2010-05-25 12:51:00,3.39,12390,Australia
536381,85123A,WHITE HANGING HEART T-LIGHT HOLDER,24,2010-05-25 12:51:00,2.55,12390,Australia
536381,22633,HAND WARMER UNION JACK,14,2010-05-25 12:51:00,1.85,12390,Australia
536381,21730,GLASS STAR FROSTED T-LIGHT HOLDER,21,2010-05-25 12:51:00,4.25,12390,Australia
536381,84879,ASSORTED COLOUR BIRD ORNAMENT,8,2010-05-25 12:51:00,1.69,12390,Australia
536382,84879,ASSORTED COLOUR BIRD ORNAMENT,13,2011-04-17 13:10:00,1.69,12402,Spain
536382,84879,ASSORTED COLOUR BIRD ORNAMENT,15,2011-04-17 13:10:00,1.69,12402,Spain
536382,85099B,JUMBO BAG RED RETROSPOT,15,2011-04-17 13:10:00,1.65,12402,Spain
536383,71053,WHITE METAL LANTERN,8,2010-04-14 14:18:00,3.39,12385,Germany
536383,22749,FELTCRAFT PRINCESS CHARLOTTE DOLL,9,2010-04-14 14:18:00,3.75,12385,Germany
536383,85099B,JUMBO BAG RED RETROSPOT,13,2010-04-14 14:18:00,1.65,12385,Germany
536383,22752,SET 7 BABUSHKA NESTING BOXES,4,2010-04-14 14:18:00,7.65,12385,Germany
536383,21730,GLASS STAR FROSTED T-LIGHT HOLDER,15,2010-04-14 14:18:00,4.25,12385,Germany
536383,22748,POPPY'S PLAYHOUSE KITCHEN,8,2010-04-14 14:18:00,2.1,12385,Germany
536384,22752,SET 7 BABUSHKA NESTING BOXES,13,2011-05-13 16:52:00,7.65,,Netherlands
536384,22748,POPPY'S PLAYHOUSE KITCHEN,20,2011-05-13 16:52:00,2.1,,Netherlands
536385,85099B,JUMBO BAG RED RETROSPOT,20,2011-12-26 12:09:00,1.65,12396,Germany
536385,84029E,RED WOOLLY HOTTIE WHITE HEART,8,2011-12-26 12:09:00,3.39,12396,Germany
536385,21730,GLASS STAR FROSTED T-LIGHT HOLDER,24,2011-12-26 12:09:00,4.25,12396,Germany
536385,21730,GLASS STAR FROSTED T-LIGHT HOLDER,1,2011-12-26 12:09:00,4.25,12396,Germany
536385,84029G,KNITTED UNION FLAG HOT WATER BOTTLE,18,2011-12-26 12:09:00,3.39,12396,Germany
536386,22752,SET 7 BABUSHKA NESTING BOXES,9,2011-03-27 09:00:00,7.65,12400,Belgium
536386,47566,PARTY BUNTING,1,2011-03-27 09:00:00,4.95,12400,Belgium
536386,22752,SET 7 BABUSHKA NESTING BOXES,2,2011-03-27 09:00:00,7.65,12400,Belgium
536387,85123A,WHITE HANGING HEART T-LIGHT HOLDER,21,2010-10-24 11:12:00,2.55,12420,Belgium
536387,22749,FELTCRAFT PRINCESS CHARLOTTE DOLL,2,2010-10-24 11:12:00,3.75,12420,Belgium
536387,85123A,WHITE HANGING HEART T-LIGHT HOLDER,20,2010-10-24 11:12:00,2.55,12420,Belgium
536387,22752,SET 7 BABUSHKA NESTING BOXES,24,2010-10-24 11:12:00,7.65,12420,Belgium
536388,84029G,KNITTED UNION FLAG HOT WATER BOTTLE,9,2011-06-13 18:11:00,3.39,12408,Australia
536388,47566,PARTY BUNTING,7,2011-06-13 18:11:00,4.95,12408,Australia
536389,22748,POPPY'S PLAYHOUSE KITCHEN,5,2011-04-25 16:58:00,2.1,12355,Germany
536390,21730,GLASS STAR FROSTED T-LIGHT HOLDER,2,2011-10-04 15:31:00,4.25,12403,Spain
536390,71053,WHITE METAL LANTERN,11,2011-10-04 15:31:00,3.39,12403,Spain
536390,85123A,WHITE HANGING HEART T-LIGHT HOLDER,18,2011-10-04 15:31:00,2.55,12403,Spain
536390,84879,ASSORTED COLOUR BIRD ORNAMENT,6,2011-10-04 15:31:00,1.69,12403,Spain
536390,22745,POPPY'S PLAYHOUSE BEDROOM,23,2011-10-04 15:31:00,2.1,12403,Spain
536390,22749,FELTCRAFT PRINCESS CHARLOTTE DOLL,14,2011-10-04 15:31:00,3.75,12403,Spain
536391,85123A,WHITE HANGING HEART T-LIGHT HOLDER,2,2011-08-21 18:10:00,2.55,12366,Belgium
536391,84879,ASSORTED COLOUR BIRD ORNAMENT,6,2011-08-21 18:10:00,1.69,12366,Belgium
536391,47566,PARTY BUNTING,7,2011-08-21 18:10:00,4.95,12366,Belgium
536391,71053,WHITE METAL LANTERN,10,2011-08-21 18:10:00,3.39,12366,Belgium
536392,22745,POPPY'S PLAYHOUSE BEDROOM,9,2011-02-11 17:10:00,2.1,12393,Switzerland
536393,85123A,WHITE HANGING HEART T-LIGHT HOLDER,6,2011-01-28 15:24:00,2.55,12356,France
536393,84029G,KNITTED UNION FLAG HOT WATER BOTTLE,20,2011-01-28 15:24:00,3.39,12356,France
536393,22749,FELTCRAFT PRINCESS CHARLOTTE DOLL,20,2011-01-28 15:24:00,3.75,12356,France
C536394,22632,HAND WARMER RED POLKA DOT,-12,2011-12-22 17:50:00,1.85,12356,Belgium
C536394,22749,FELTCRAFT PRINCESS CHARLOTTE DOLL,-6,2011-12-22 17:50:00,3.75,12356,Belgium
C536394,85099B,JUMBO BAG RED RETROSPOT,-4,2011-12-22 17:50:00,1.65,12356,Belgium
C536394,71053,WHITE METAL LANTERN,-5,2011-12-22 17:50:00,3.39,12356,Belgium
C536394,84029G,KNITTED UNION FLAG HOT WATER BOTTLE,-6,2011-12-22 17:50:00,3.39,12356,Belgium
C536394,47566,PARTY BUNTING,-1,2011-12-22 17:50:00,4.95,12356,Belgium
536395,84029G,KNITTED UNION FLAG HOT WATER BOTTLE,15,2010-11-14 10:01:00,3.39,,United Kingdom
536395,84029E,RED WOOLLY HOTTIE WHITE HEART,3,2010-11-14 10:01:00,3.39,,United Kingdom
536395,85123A,WHITE HANGING HEART T-LIGHT HOLDER,1,2010-11-14 10:01:00,2.55,,United Kingdom
536396,22745,POPPY'S PLAYHOUSE BEDROOM,2,2010-04-06 16:19:00,2.1,12363,Netherlands
536396,84029G,KNITTED UNION FLAG HOT WATER BOTTLE,8,2010-04-06 16:19:00,3.39,12363,Netherlands
536397,22749,FELTCRAFT PRINCESS CHARLOTTE DOLL,10,2011-03-19 10:17:00,3.75,12381,Germany
536397,71053,WHITE METAL LANTERN,12,2011-03-19 10:17:00,3.39,12381,Germany
536397,84029G,KNITTED UNION FLAG HOT WATER BOTTLE,22,2011-03-19 10:17:00,3.39,12381,Germany
536397,22748,POPPY'S PLAYHOUSE KITCHEN,24,2011-03-19 10:17:00,2.1,12381,Germany
536398,47566,PARTY BUNTING,13,2011-12-21 08:20:00,4.95,12425,United Kingdom
536399,22752,SET 7 BABUSHKA NESTING BOXES,17,2010-12-03 17:26:00,7.65,12389,France
536399,85099B,JUMBO BAG RED RETROSPOT,15,2010-12-03 17:26:00,1.65,12389,France
536399,21730,GLASS STAR FROSTED T-LIGHT HOLDER,1,2010-12-03 17:26:00,4.25,12389,France
536399,84406B,CREAM CUPID HEARTS COAT HANGER,13,2010-12-03 17:26:00,2.75,12389,France
536400,22749,FELTCRAFT PRINCESS CHARLOTTE DOLL,16,2011-04-27 08:40:00,3.75,12412,United Kingdom
536400,85123A,WHITE HANGING HEART T-LIGHT HOLDER,1,2011-04-27 08:40:00,2.55,12412,United Kingdom
536401,47566,PARTY BUNTING,16,2011-04-03 14:10:00,4.95,12366,Switzerland
536402,84029G,KNITTED UNION FLAG HOT WATER BOTTLE,23,2011-07-27 15:59:00,3.39,12420,Australia
536403,22633,HAND WARMER UNION JACK,20,2010-08-19 10:19:00,1.85,12399,Germany
536403,84879,ASSORTED COLOUR BIRD ORNAMENT,8,2010-08-19 10:19:00,1.69,12399,Germany
536403,84879,ASSORTED COLOUR BIRD ORNAMENT,23,2010-08-19 10:19:00,1.69,12399,Germany
536403,84406B,CREAM CUPID HEARTS COAT HANGER,19,2010-08-19 10:19:00,2.75,12399,Germany
536404,22752,SET 7 BABUSHKA NESTING BOXES,13,2011-10-06 08:46:00,7.65,12391,Switzerland
536404,85099B,JUMBO BAG RED RETROSPOT,9,2011-10-06 08:46:00,1.65,12391,Switzerland
536404,22632,HAND WARMER RED POLKA DOT,14,2011-10-06 08:46:00,1.85,12391,Switzerland
536404,85123A,WHITE HANGING HEART T-LIGHT HOLDER,9,2011-10-06 08:46:00,2.55,12391,Switzerland
536404,85099B,JUMBO BAG RED RETROSPOT,11,2011-10-06 08:46:00,1.65,12391,Switzerland
536405,22752,SET 7 BABUSHKA NESTING BOXES,10,2011-07-03 10:11:00,7.65,12378,Belgium
536405,84406B,CREAM CUPID HEARTS COAT HANGER,23,2011-07-03 10:11:00,2.75,12378,Belgium
536405,22632,HAND WARMER RED POLKA DOT,1,2011-07-03 10:11:00,1.85,12378,Belgium
536406,22752,SET 7 BABUSHKA NESTING BOXES,15,2011-07-04 14:25:00,7.65,12423,United Kingdom
536406,84406B,CREAM CUPID HEARTS COAT HANGER,21,2011-07-04 14:25:00,2.75,12423,United Kingdom
536406,85123A,WHITE HANGING HEART T-LIGHT HOLDER,3,2011-07-04 14:25:00,2.55,12423,United Kingdom
536407,85099B,JUMBO BAG RED RETROSPOT,17,2010-09-25 18:03:00,1.65,12395,Belgium
536407,22749,FELTCRAFT PRINCESS CHARLOTTE DOLL,12,2010-09-25 18:03:00,3.75,12395,Belgium
536407,84029G,KNITTED UNION FLAG HOT WATER BOTTLE,8,2010-09-25 18:03:00,3.39,12395,Belgium
536407,84879,ASSORTED COLOUR BIRD ORNAMENT,17,2010-09-25 18:03:00,1.69,12395,Belgium
536407,22752,SET 7 BABUSHKA NESTING BOXES,24,2010-09-25 18:03:00,7.65,12395,Belgium
536408,84406B,CREAM CUPID HEARTS COAT HANGER,8,2010-03-13 10:53:00,2.75,12374,Australia
536408,22748,POPPY'S PLAYHOUSE KITCHEN,11,2010-03-13 10:53:00,2.1,12374,Australia
536408,47566,PARTY BUNTING,21,2010-03-13 10:53:00,4.95,12374,Australia
536409,22745,POPPY'S PLAYHOUSE BEDROOM,3,2011-09-24 17:52:00,2.1,12363,Netherlands
536409,84029G,KNITTED UNION FLAG HOT WATER BOTTLE,21,2011-09-24 17:52:00,3.39,12363,Netherlands
536410,47566,PARTY BUNTING,6,2011-04-08 15:18:00,4.95,12399,United Kingdom
536410,85123A,WHITE HANGING HEART T-LIGHT HOLDER,4,2011-04-08 15:18:00,2.55,12399,United Kingdom
536410,84879,ASSORTED COLOUR BIRD ORNAMENT,10,2011-04-08 15:18:00,1.69,12399,United Kingdom
536410,85123A,WHITE HANGING HEART T-LIGHT HOLDER,5,2011-04-08 15:18:00,2.55,12399,United Kingdom
536411,22752,SET 7 BABUSHKA NESTING BOXES,6,2011-07-08 09:17:00,7.65,12392,Belgium
536412,84029E,RED WOOLLY HOTTIE WHITE HEART,6,2011-05-15 17:44:00,3.39,12392,France
536412,22749,FELTCRAFT PRINCESS CHARLOTTE DOLL,8,2011-05-15 17:44:00,3.75,12392,France
536413,22749,FELTCRAFT PRINCESS CHARLOTTE DOLL,20,2011-10-26 14:50:00,3.75,12422,Spain
536413,85099B,JUMBO BAG RED RETROSPOT,14,2011-10-26 14:50:00,1.65,12422,Spain
536413,22632,HAND WARMER RED POLKA DOT,9,2011-10-26 14:50:00,1.85,12422,Spain
536413,22745,POPPY'S PLAYHOUSE BEDROOM,18,2011-10-26 14:50:00,2.1,12422,Spain
536413,21730,GLASS STAR FROSTED T-LIGHT HOLDER,16,2011-10-26 14:50:00,4.25,12422,Spain
536414,85099B,JUMBO BAG RED RETROSPOT,4,2011-07-27 16:30:00,1.65,,Germany
536414,22749,FELTCRAFT PRINCESS CHARLOTTE DOLL,18,2011-07-27 16:30:00,3.75,,Germany
536414,22748,POPPY'S PLAYHOUSE KITCHEN,10,2011-07-27 16:30:00,2.1,,Germany
536414,84879,ASSORTED COLOUR BIRD ORNAMENT,14,2011-07-27 16:30:00,1.69,,Germany
536414,84029G,KNITTED UNION FLAG HOT WATER BOTTLE,17,2011-07-27 16:30:00,3.39,,Germany
536415,22748,POPPY'S PLAYHOUSE KITCHEN,5,2011-11-10 18:16:00,2.1,12406,Australia
536415,71053,WHITE METAL LANTERN,19,2011-11-10 18:16:00,3.39,12406,Australia
536415,47566,PARTY BUNTING,19,2011-11-10 18:16:00,4.95,12406,Australia
536415,21730,GLASS STAR FROSTED T-LIGHT HOLDER,20,2011-11-10 18:16:00,4.25,12406,Australia
536415,85123A,WHITE HANGING HEART T-LIGHT HOLDER,3,2011-11-10 18:16:00,2.55,12406,Australia
536415,84029G,KNITTED UNION FLAG HOT WATER BOTTLE,23,2011-11-10 18:16:00,3.39,12406,Australia
536416,85099B,JUMBO BAG RED RETROSPOT,17,2010-09-07 13:47:00,1.65,12371,Germany
536416,84879,ASSORTED COLOUR BIRD ORNAMENT,22,2010-09-07 13:47:00,1.69,12371,Germany
536416,21730,GLASS STAR FROSTED T-LIGHT HOLDER,2,2010-09-07 13:47:00,4.25,12371,Germany
536417,22752,SET 7 BABUSHKA NESTING BOXES,24,2011-11-26 15:06:00,7.65,12399,Spain
536417,84406B,CREAM CUPID HEARTS COAT HANGER,9,2011-11-26 15:06:00,2.75,12399,Spain
536417,22749,FELTCRAFT PRINCESS CHARLOTTE DOLL,3,2011-11-26 15:06:00,3.75,12399,Spain
536418,71053,WHITE METAL LANTERN,2,2011-02-06 10:02:00,3.39,12407,Germany
536419,22633,HAND WARMER UNION JACK,4,2011-05-11 09:22:00,1.85,12398,Spain
536419,71053,WHITE METAL LANTERN,14,2011-05-11 09:22:00,3.39,12398,Spain
536419,85123A,WHITE HANGING HEART T-LIGHT HOLDER,24,2011-05-11 09:22:00,2.55,12398,Spain
536419,85099B,JUMBO BAG RED RETROSPOT,20,2011-05-11 09:22:00,1.65,12398,Spain
536419,84879,ASSORTED COLOUR BIRD ORNAMENT,20,2011-05-11 09:22:00,1.69,12398,Spain
536419,84406B,CREAM CUPID HEARTS COAT HANGER,11,2011-05-11 09:22:00,2.75,12398,Spain
C536420,21730,GLASS STAR FROSTED T-LIGHT HOLDER,-2,2011-08-04 09:10:00,4.25,12385,Spain
C536420,84029E,RED WOOLLY HOTTIE WHITE HEART,-5,2011-08-04 09:10:00,3.39,12385,Spain
C536420,22745,POPPY'S PLAYHOUSE BEDROOM,-5,2011-08-04 09:10:00,2.1,12385,Spain
C536420,84029G,KNITTED UNION FLAG HOT WATER BOTTLE,-9,2011-08-04 09:10:00,3.39,12385,Spain
C536420,71053,WHITE METAL LANTERN,-11,2011-08-04 09:10:00,3.39,12385,Spain
536421,71053,WHITE METAL LANTERN,21,2011-11-27 10:18:00,3.39,12418,Belgium
536421,22752,SET 7 BABUSHKA NESTING BOXES,13,2011-11-27 10:18:00,7.65,12418,Belgium
536421,84029G,KNITTED UNION FLAG HOT WATER BOTTLE,18,2011-11-27 10:18:00,3.39,12418,Belgium
536422,22633,HAND WARMER UNION JACK,15,2011-05-18 16:18:00,1.85,12406,Spain
536423,22632,HAND WARMER RED POLKA DOT,5,2011-08-23 18:48:00,1.85,12374,United Kingdom
536423,84029G,KNITTED UNION FLAG HOT WATER BOTTLE,9,2011-08-23 18:48:00,3.39,12374,United Kingdom
536423,22745,POPPY'S PLAYHOUSE BEDROOM,16,2011-08-23 18:48:00,2.1,12374,United Kingdom
536423,22632,HAND WARMER RED POLKA DOT,6,2011-08-23 18:48:00,1.85,12374,United Kingdom
536423,84029G,KNITTED UNION FLAG HOT WATER BOTTLE,3,2011-08-23 18:48:00,3.39,12374,United Kingdom
536424,22752,SET 7 BABUSHKA NESTING BOXES,15,2011-10-28 11:03:00,7.65,12394,France
536424,84879,ASSORTED COLOUR BIRD ORNAMENT,11,2011-10-28 11:03:00,1.69,12394,France
536424,22748,POPPY'S PLAYHOUSE KITCHEN,20,2011-10-28 11:03:00,2.1,12394,France
536424,22633,HAND WARMER UNION JACK,14,2011-10-28 11:03:00,1.85,12394,France
536424,22749,FELTCRAFT PRINCESS CHARLOTTE DOLL,21,2011-10-28 11:03:00,3.75,12394,France
536424,71053,WHITE METAL LANTERN,21,2011-10-28 11:03:00,3.39,12394,France
536425,22748,POPPY'S PLAYHOUSE KITCHEN,5,2010-06-26 09:00:00,2.1,12391,Belgium
536425,21730,GLASS STAR FROSTED T-LIGHT HOLDER,6,2010-06-26 09:00:00,4.25,12391,Belgium
536425,22749,FELTCRAFT PRINCESS CHARLOTTE DOLL,12,2010-06-26 09:00:00,3.75,12391,Belgium
536425,84406B,CREAM CUPID HEARTS COAT HANGER,15,2010-06-26 09:00:00,2.75,12391,Belgium
536425,71053,WHITE METAL LANTERN,16,2010-06-26 09:00:00,3.39,12391,Belgium
536425,21730,GLASS STAR FROSTED T-LIGHT HOLDER,23,2010-06-26 09:00:00,4.25,12391,Belgium
536426,85123A,WHITE HANGING HEART T-LIGHT HOLDER,1,2010-03-19 17:58:00,2.55,12409,Switzerland
536426,84406B,CREAM CUPID HEARTS COAT HANGER,23,2010-03-19 17:58:00,2.75,12409,Switzerland
536426,21730,GLASS STAR FROSTED T-LIGHT HOLDER,3,2010-03-19 17:58:00,4.25,12409,Switzerland
536426,47566,PARTY BUNTING,12,2010-03-19 17:58:00,4.95,12409,Switzerland
C536427,21730,GLASS STAR FROSTED T-LIGHT HOLDER,-3,2010-06-24 15:59:00,4.25,12366,Australia
C536427,84029G,KNITTED UNION FLAG HOT WATER BOTTLE,-7,2010-06-24 15:59:00,3.39,12366,Australia
C536427,84029E,RED WOOLLY HOTTIE WHITE HEART,-9,2010-06-24 15:59:00,3.39,12366,Australia
C536427,84406B,CREAM CUPID HEARTS COAT HANGER,-2,2010-06-24 15:59:00,2.75,12366,Australia
536428,84406B,CREAM CUPID HEARTS COAT HANGER,18,2010-09-25 08:46:00,2.75,12375,Switzerland
536428,84879,ASSORTED COLOUR BIRD ORNAMENT,20,2010-09-25 08:46:00,1.69,12375,Switzerland
536428,71053,WHITE METAL LANTERN,10,2010-09-25 08:46:00,3.39,12375,Switzerland
536428,85099B,JUMBO BAG RED RETROSPOT,22,2010-09-25 08:46:00,1.65,12375,Switzerland
536428,47566,PARTY BUNTING,15,2010-09-25 08:46:00,4.95,12375,Switzerland
536429,71053,WHITE METAL LANTERN,15,2010-08-22 12:37:00,3.39,12349,Australia
536429,22748,POPPY'S PLAYHOUSE KITCHEN,7,2010-08-22 12:37:00,2.1,12349,Australia
536430,85099B,JUMBO BAG RED RETROSPOT,19,2011-07-23 18:55:00,1.65,12377,Netherlands
536430,85099B,JUMBO BAG RED RETROSPOT,22,2011-07-23 18:55:00,1.65,12377,Netherlands
536430,22633,HAND WARMER UNION JACK,16,2011-07-23 18:55:00,1.85,12377,Netherlands
536430,22633,HAND WARMER UNION JACK,17,2011-07-23 18:55:00,1.85,12377,Netherlands
536431,71053,WHITE METAL LANTERN,24,2011-09-01 14:44:00,3.39,12392,Switzerland
536431,22752,SET 7 BABUSHKA NESTING BOXES,5,2011-09-01 14:44:00,7.65,12392,Switzerland
536431,84406B,CREAM CUPID HEARTS COAT HANGER,9,2011-09-01 14:44:00,2.75,12392,Switzerland
536431,22633,HAND WARMER UNION JACK,7,2011-09-01 14:44:00,1.85,12392,Switzerland
536431,71053,WHITE METAL LANTERN,5,2011-09-01 14:44:00,3.39,12392,Switzerland
536432,47566,PARTY BUNTING,17,2011-12-20 15:34:00,4.95,12413,France
536432,47566,PARTY BUNTING,6,2011-12-20 15:34:00,4.95,12413,France
536432,22633,HAND WARMER UNION JACK,14,2011-12-20 15:34:00,1.85,12413,France
536433,22749,FELTCRAFT PRINCESS CHARLOTTE DOLL,3,2010-01-19 18:04:00,3.75,12394,United Kingdom
536433,22745,POPPY'S PLAYHOUSE BEDROOM,18,2010-01-19 18:04:00,2.1,12394,United Kingdom
536433,22633,HAND WARMER UNION JACK,3,2010-01-19 18:04:00,1.85,12394,United Kingdom
536433,21730,GLASS STAR FROSTED T-LIGHT HOLDER,17,2010-01-19 18:04:00,4.25,12394,United Kingdom
536433,84029E,RED WOOLLY HOTTIE WHITE HEART,22,2010-01-19 18:04:00,3.39,12394,United Kingdom
536433,47566,PARTY BUNTING,23,2010-01-19 18:04:00,4.95,12394,United Kingdom
536434,84879,ASSORTED COLOUR BIRD ORNAMENT,22,2010-07-21 18:02:00,1.69,12361,Germany
536434,22748,POPPY'S PLAYHOUSE KITCHEN,23,2010-07-21 18:02:00,2.1,12361,Germany
536435,84029G,KNITTED UNION FLAG HOT WATER BOTTLE,17,2010-05-10 08:06:00,3.39,12400,United Kingdom
536435,85123A,WHITE HANGING HEART T-LIGHT HOLDER,22,2010-05-10 08:06:00,2.55,12400,United Kingdom
536435,85099B,JUMBO BAG RED RETROSPOT,3,2010-05-10 08:06:00,1.65,12400,United Kingdom
536435,47566,PARTY BUNTING,1,2010-05-10 08:06:00,4.95,12400,United Kingdom
536436,22752,SET 7 BABUSHKA NESTING BOXES,1,2010-06-25 09:00:00,7.65,12391,United Kingdom
536437,22633,HAND WARMER UNION JACK,17,2010-12-22 10:04:00,1.85,12419,Netherlands
536437,22748,POPPY'S PLAYHOUSE KITCHEN,15,2010-12-22 10:04:00,2.1,12419,Netherlands
536437,21730,GLASS STAR FROSTED T-LIGHT HOLDER,21,2010-12-22 10:04:00,4.25,12419,Netherlands
536438,84029E,RED WOOLLY HOTTIE WHITE HEART,24,2010-12-19 15:09:00,3.39,12348,France
536438,22752,SET 7 BABUSHKA NESTING BOXES,8,2010-12-19 15:09:00,7.65,12348,France
536438,22632,HAND WARMER RED POLKA DOT,3,2010-12-19 15:09:00,1.85,12348,France
536438,22748,POPPY'S PLAYHOUSE KITCHEN,17,2010-12-19 15:09:00,2.1,12348,France
536439,84406B,CREAM CUPID HEARTS COAT HANGER,7,2011-05-19 16:58:00,2.75,12416,Germany
536440,85099B,JUMBO BAG RED RETROSPOT,21,2011-11-08 12:13:00,1.65,12404,Netherlands
536440,84029E,RED WOOLLY HOTTIE WHITE HEART,8,2011-11-08 12:13:00,3.39,12404,Netherlands
536441,71053,WHITE METAL LANTERN,2,2011-01-03 13:29:00,3.39,12399,Australia
536441,22752,SET 7 BABUSHKA NESTING BOXES,14,2011-01-03 13:29:00,7.65,12399,Australia
536441,84406B,CREAM CUPID HEARTS COAT HANGER,10,2011-01-03 13:29:00,2.75,12399,Australia
536441,22633,HAND WARMER UNION JACK,16,2011-01-03 13:29:00,1.85,12399,Australia
536441,22749,FELTCRAFT PRINCESS CHARLOTTE DOLL,13,2011-01-03 13:29:00,3.75,12399,Australia
536442,71053,WHITE METAL LANTERN,7,2010-03-28 13:04:00,3.39,12411,France
536442,85123A,WHITE HANGING HEART T-LIGHT HOLDER,18,2010-03-28 13:04:00,2.55,12411,France
536442,22748,POPPY'S PLAYHOUSE KITCHEN,18,2010-03-28 13:04:00,2.1,12411,France
536443,84029G,KNITTED UNION FLAG HOT WATER BOTTLE,21,2011-08-27 09:29:00,3.39,12376,Netherlands
536443,71053,WHITE METAL LANTERN,21,2011-08-27 09:29:00,3.39,12376,Netherlands
536443,21730,GLASS STAR FROSTED T-LIGHT HOLDER,22,2011-08-27 09:29:00,4.25,12376,Netherlands
536444,22748,POPPY'S PLAYHOUSE KITCHEN,13,2010-01-14 11:49:00,2.1,12368,Netherlands
536445,85123A,WHITE HANGING HEART T-LIGHT HOLDER,4,2011-12-07 13:46:00,2.55,12412,Switzerland
536445,21730,GLASS STAR FROSTED T-LIGHT HOLDER,17,2011-12-07 13:46:00,4.25,12412,Switzerland
536445,22749,FELTCRAFT PRINCESS CHARLOTTE DOLL,4,2011-12-07 13:46:00,3.75,12412,Switzerland
536445,47566,PARTY BUNTING,24,2011-12-07 13:46:00,4.95,12412,Switzerland
536446,84879,ASSORTED COLOUR BIRD ORNAMENT,23,2010-06-27 17:12:00,1.69,12370,Germany
536446,71053,WHITE METAL LANTERN,22,2010-06-27 17:12:00,3.39,12370,Germany
536446,84406B,CREAM CUPID HEARTS COAT HANGER,11,2010-06-27 17:12:00,2.75,12370,Germany
536447,47566,PARTY BUNTING,17,2011-08-18 08:18:00,4.95,12404,Spain
536447,22749,FELTCRAFT PRINCESS CHARLOTTE DOLL,14,2011-08-18 08:18:00,3.75,12404,Spain
536447,85099B,JUMBO BAG RED RETROSPOT,10,2011-08-18 08:18:00,1.65,12404,Spain
536447,22752,SET 7 BABUSHKA NESTING BOXES,20,2011-08-18 08:18:00,7.65,12404,Spain
536448,22748,POPPY'S PLAYHOUSE KITCHEN,22,2011-05-24 14:03:00,2.1,12386,Switzerland
536448,84029E,RED WOOLLY HOTTIE WHITE HEART,24,2011-05-24 14:03:00,3.39,12386,Switzerland
536448,84406B,CREAM CUPID HEARTS COAT HANGER,7,2011-05-24 14:03:00,2.75,12386,Switzerland
536448,47566,PARTY BUNTING,23,2011-05-24 14:03:00,4.95,12386,Switzerland
536448,22752,SET 7 BABUSHKA NESTING BOXES,23,2011-05-24 14:03:00,7.65,12386,Switzerland
536449,22745,POPPY'S PLAYHOUSE BEDROOM,20,2011-11-22 12:41:00,2.1,12419,Belgium
536449,21730,GLASS STAR FROSTED T-LIGHT HOLDER,22,2011-11-22 12:41:00,4.25,12419,Belgium
536450,22749,FELTCRAFT PRINCESS CHARLOTTE DOLL,3,2010-03-07 12:36:00,3.75,12376,Australia
536450,22748,POPPY'S PLAYHOUSE KITCHEN,16,2010-03-07 12:36:00,2.1,12376,Australia
536450,71053,WHITE METAL LANTERN,2,2010-03-07 12:36:00,3.39,12376,Australia
536450,22749,FELTCRAFT PRINCESS CHARLOTTE DOLL,6,2010-03-07 12:36:00,3.75,12376,Australia
536450,47566,PARTY BUNTING,14,2010-03-07 12:36:00,4.95,12376,Australia
536451,71053,WHITE METAL LANTERN,5,2010-11-01 18:53:00,3.39,12396,Belgium
536451,21730,GLASS STAR FROSTED T-LIGHT HOLDER,12,2010-11-01 18:53:00,4.25,12396,Belgium
536451,22745,POPPY'S PLAYHOUSE BEDROOM,3,2010-11-01 18:53:00,2.1,12396,Belgium
536452,22632,HAND WARMER RED POLKA DOT,10,2011-06-04 13:50:00,1.85,12377,Germany
536452,85099B,JUMBO BAG RED RETROSPOT,3,2011-06-04 13:50:00,1.65,12377,Germany
536453,22632,HAND WARMER RED POLKA DOT,2,2010-02-15 16:22:00,1.85,12420,Belgium
536453,22749,FELTCRAFT PRINCESS CHARLOTTE DOLL,10,2010-02-15 16:22:00,3.75,12420,Belgium
536453,85099B,JUMBO BAG RED RETROSPOT,14,2010-02-15 16:22:00,1.65,12420,Belgium
536453,22632,HAND WARMER RED POLKA DOT,6,2010-02-15 16:22:00,1.85,12420,Belgium
536454,21730,GLASS STAR FROSTED T-LIGHT HOLDER,13,2010-02-19 18:21:00,4.25,12414,Spain
536454,85099B,JUMBO BAG RED RETROSPOT,4,2010-02-19 18:21:00,1.65,12414,Spain
536454,22748,POPPY'S PLAYHOUSE KITCHEN,2,2010-02-19 18:21:00,2.1,12414,Spain
536454,22752,SET 7 BABUSHKA NESTING BOXES,20,2010-02-19 18:21:00,7.65,12414,Spain
536454,85123A,WHITE HANGING HEART T-LIGHT HOLDER,17,2010-02-19 18:21:00,2.55,12414,Spain
536455,22748,POPPY'S PLAYHOUSE KITCHEN,18,2011-02-19 17:49:00,2.1,,Germany
536455,84029G,KNITTED UNION FLAG HOT WATER BOTTLE,6,2011-02-19 17:49:00,3.39,,Germany
536455,84406B,CREAM CUPID HEARTS COAT HANGER,10,2011-02-19 17:49:00,2.75,,Germany
536455,22752,SET 7 BABUSHKA NESTING BOXES,10,2011-02-19 17:49:00,7.65,,Germany
536455,22749,FELTCRAFT PRINCESS CHARLOTTE DOLL,8,2011-02-19 17:49:00,3.75,,Germany
536455,21730,GLASS STAR FROSTED T-LIGHT HOLDER,13,2011-02-19 17:49:00,4.25,,Germany
C536456,84029E,RED WOOLLY HOTTIE WHITE HEART,-4,2011-05-18 14:53:00,3.39,12366,Germany
C536456,22633,HAND WARMER UNION JACK,-2,2011-05-18 14:53:00,1.85,12366,Germany
C536456,22752,SET 7 BABUSHKA NESTING BOXES,-8,2011-05-18 14:53:00,7.65,12366,Germany
C536456,84406B,CREAM CUPID HEARTS COAT HANGER,-4,2011-05-18 14:53:00,2.75,12366,Germany
536457,84029E,RED WOOLLY HOTTIE WHITE HEART,9,2011-10-06 13:56:00,3.39,12419,Spain
536457,22752,SET 7 BABUSHKA NESTING BOXES,15,2011-10-06 13:56:00,7.65,12419,Spain
536457,22633,HAND WARMER UNION JACK,1,2011-10-06 13:56:00,1.85,12419,Spain
536457,85099B,JUMBO BAG RED RETROSPOT,10,2011-10-06 13:56:00,1.65,12419,Spain
536457,21730,GLASS STAR FROSTED T-LIGHT HOLDER,16,2011-10-06 13:56:00,4.25,12419,Spain
536457,22745,POPPY'S PLAYHOUSE BEDROOM,18,2011-10-06 13:56:00,2.1,12419,Spain
C536458,22633,HAND WARMER UNION JACK,-5,2011-09-19 12:48:00,1.85,12382,Spain
C536458,84029E,RED WOOLLY HOTTIE WHITE HEART,-9,2011-09-19 12:48:00,3.39,12382,Spain
536459,22752,SET 7 BABUSHKA NESTING BOXES,18,2010-09-07 12:20:00,7.65,,Germany
536460,22752,SET 7 BABUSHKA NESTING BOXES,7,2010-11-28 14:34:00,7.65,12398,United Kingdom
536460,21730,GLASS STAR FROSTED T-LIGHT HOLDER,6,2010-11-28 14:34:00,4.25,12398,United Kingdom
536460,84029G,KNITTED UNION FLAG HOT WATER BOTTLE,13,2010-11-28 14:34:00,3.39,12398,United Kingdom
536461,22748,POPPY'S PLAYHOUSE KITCHEN,20,2011-05-06 10:05:00,2.1,12387,France
536461,84406B,CREAM CUPID HEARTS COAT HANGER,2,2011-05-06 10:05:00,2.75,12387,France
536461,84879,ASSORTED COLOUR BIRD ORNAMENT,22,2011-05-06 10:05:00,1.69,12387,France
536461,22632,HAND WARMER RED POLKA DOT,21,2011-05-06 10:05:00,1.85,12387,France
536461,71053,WHITE METAL LANTERN,24,2011-05-06 10:05:00,3.39,12387,France
536461,22745,POPPY'S PLAYHOUSE BEDROOM,8,2011-05-06 10:05:00,2.1,12387,France
536462,22632,HAND WARMER RED POLKA DOT,2,2011-09-17 08:38:00,1.85,12396,Netherlands
536462,85099B,JUMBO BAG RED RETROSPOT,16,2011-09-17 08:38:00,1.65,12396,Netherlands
536462,85123A,WHITE HANGING HEART T-LIGHT HOLDER,24,2011-09-17 08:38:00,2.55,12396,Netherlands
536462,84879,ASSORTED COLOUR BIRD ORNAMENT,15,2011-09-17 08:38:00,1.69,12396,Netherlands
536462,84406B,CREAM CUPID HEARTS COAT HANGER,17,2011-09-17 08:38:00,2.75,12396,Netherlands
536463,22632,HAND WARMER RED POLKA DOT,20,2011-08-06 12:08:00,1.85,12350,Netherlands
536463,22752,SET 7 BABUSHKA NESTING BOXES,4,2011-08-06 12:08:00,7.65,12350,Netherlands
536463,22632,HAND WARMER RED POLKA DOT,5,2011-08-06 12:08:00,1.85,12350,Netherlands
536463,22748,POPPY'S PLAYHOUSE KITCHEN,11,2011-08-06 12:08:00,2.1,12350,Netherlands
536463,22748,POPPY'S PLAYHOUSE KITCHEN,17,2011-08-06 12:08:00,2.1,12350,Netherlands
536463,22749,FELTCRAFT PRINCESS CHARLOTTE DOLL,21,2011-08-06 12:08:00,3.75,12350,Netherlands
536464,84029E,RED WOOLLY HOTTIE WHITE HEART,4,2011-07-02 17:35:00,3.39,12412,Spain
536465,47566,PARTY BUNTING,10,2011-11-02 17:07:00,4.95,12425,Germany
536466,21730,GLASS STAR FROSTED T-LIGHT HOLDER,6,2011-11-15 13:34:00,4.25,12424,Switzerland
536466,22752,SET 7 BABUSHKA NESTING BOXES,10,2011-11-15 13:34:00,7.65,12424,Switzerland
536466,85123A,WHITE HANGING HEART T-LIGHT HOLDER,6,2011-11-15 13:34:00,2.55,12424,Switzerland
536466,22633,HAND WARMER UNION JACK,15,2011-11-15 13:34:00,1.85,12424,Switzerland
536467,22633,HAND WARMER UNION JACK,22,2010-07-28 14:55:00,1.85,12400,Switzerland
536468,22745,POPPY'S PLAYHOUSE BEDROOM,21,2010-11-22 09:38:00,2.1,12379,Belgium
536468,22633,HAND WARMER UNION JACK,24,2010-11-22 09:38:00,1.85,12379,Belgium
536468,71053,WHITE METAL LANTERN,24,2010-11-22 09:38:00,3.39,12379,Belgium
536469,21730,GLASS STAR FROSTED T-LIGHT HOLDER,1,2011-12-21 18:05:00,4.25,12382,Australia
536469,21730,GLASS STAR FROSTED T-LIGHT HOLDER,10,2011-12-21 18:05:00,4.25,12382,Australia
536470,22749,FELTCRAFT PRINCESS CHARLOTTE DOLL,3,2010-11-17 10:33:00,3.75,12405,Netherlands
536470,22632,HAND WARMER RED POLKA DOT,9,2010-11-17 10:33:00,1.85,12405,Netherlands
536470,21730,GLASS STAR FROSTED T-LIGHT HOLDER,15,2010-11-17 10:33:00,4.25,12405,Netherlands
536470,85099B,JUMBO BAG RED RETROSPOT,15,2010-11-17 10:33:00,1.65,12405,Netherlands
536470,47566,PARTY BUNTING,10,2010-11-17 10:33:00,4.95,12405,Netherlands
536470,84879,ASSORTED COLOUR BIRD ORNAMENT,17,2010-11-17 10:33:00,1.69,12405,Netherlands
536471,22745,POPPY'S PLAYHOUSE BEDROOM,18,2011-08-02 17:04:00,2.1,12348,Switzerland
536471,21730,GLASS STAR FROSTED T-LIGHT HOLDER,3,2011-08-02 17:04:00,4.25,12348,Switzerland
536471,84029E,RED WOOLLY HOTTIE WHITE HEART,24,2011-08-02 17:04:00,3.39,12348,Switzerland
536471,47566,PARTY BUNTING,24,2011-08-02 17:04:00,4.95,12348,Switzerland
536472,22749,FELTCRAFT PRINCESS CHARLOTTE DOLL,7,2010-01-15 11:42:00,3.75,12348,Netherlands
536472,22745,POPPY'S PLAYHOUSE BEDROOM,1,2010-01-15 11:42:00,2.1,12348,Netherlands
536472,84406B,CREAM CUPID HEARTS COAT HANGER,14,2010-01-15 11:42:00,2.75,12348,Netherlands
536472,22752,SET 7 BABUSHKA NESTING BOXES,7,2010-01-15 11:42:00,7.65,12348,Netherlands
536472,47566,PARTY BUNTING,6,2010-01-15 11:42:00,4.95,12348,Netherlands
536473,22749,FELTCRAFT PRINCESS CHARLOTTE DOLL,15,2010-01-26 17:26:00,3.75,12424,Switzerland
536473,84879,ASSORTED COLOUR BIRD ORNAMENT,12,2010-01-26 17:26:00,1.69,12424,Switzerland
536474,22749,FELTCRAFT PRINCESS CHARLOTTE DOLL,14,2011-02-05 16:44:00,3.75,12372,Spain
536474,22748,POPPY'S PLAYHOUSE KITCHEN,11,2011-02-05 16:44:00,2.1,12372,Spain
536474,84406B,CREAM CUPID HEARTS COAT HANGER,10,2011-02-05 16:44:00,2.75,12372,Spain
536474,22749,FELTCRAFT PRINCESS CHARLOTTE DOLL,16,2011-02-05 16:44:00,3.75,12372,Spain
536475,85099B,JUMBO BAG RED RETROSPOT,7,2010-01-10 17:42:00,1.65,12421,France
536475,85123A,WHITE HANGING HEART T-LIGHT HOLDER,17,2010-01-10 17:42:00,2.55,12421,France
536475,84406B,CREAM CUPID HEARTS COAT HANGER,18,2010-01-10 17:42:00,2.75,12421,France
536475,22749,FELTCRAFT PRINCESS CHARLOTTE DOLL,16,2010-01-10 17:42:00,3.75,12421,France
536475,84406B,CREAM CUPID HEARTS COAT HANGER,23,2010-01-10 17:42:00,2.75,12421,France
536475,84029G,KNITTED UNION FLAG HOT WATER BOTTLE,13,2010-01-10 17:42:00,3.39,12421,France
536476,84029G,KNITTED UNION FLAG HOT WATER BOTTLE,11,2011-09-23 10:23:00,3.39,12386,Netherlands
536476,22633,HAND WARMER UNION JACK,6,2011-09-23 10:23:00,1.85,12386,Netherlands
536476,22745,POPPY'S PLAYHOUSE BEDROOM,4,2011-09-23 10:23:00,2.1,12386,Netherlands
536476,22749,FELTCRAFT PRINCESS CHARLOTTE DOLL,4,2011-09-23 10:23:00,3.75,12386,Netherlands
536476,22633,HAND WARMER UNION JACK,2,2011-09-23 10:23:00,1.85,12386,Netherlands
536477,22633,HAND WARMER UNION JACK,11,2010-07-06 13:21:00,1.85,,Spain
536477,22632,HAND WARMER RED POLKA DOT,7,2010-07-06 13:21:00,1.85,,Spain
536477,22752,SET 7 BABUSHKA NESTING BOXES,20,2010-07-06 13:21:00,7.65,,Spain
536477,84879,ASSORTED COLOUR BIRD ORNAMENT,16,2010-07-06 13:21:00,1.69,,Spain
536477,84029E,RED WOOLLY HOTTIE WHITE HEART,2,2010-07-06 13:21:00,3.39,,Spain
536477,22745,POPPY'S PLAYHOUSE BEDROOM,18,2010-07-06 13:21:00,2.1,,Spain
536478,84029E,RED WOOLLY HOTTIE WHITE HEART,15,2011-08-26 10:19:00,3.39,12346,France
536478,84029E,RED WOOLLY HOTTIE WHITE HEART,5,2011-08-26 10:19:00,3.39,12346,France
536478,85123A,WHITE HANGING HEART T-LIGHT HOLDER,13,2011-08-26 10:19:00,2.55,12346,France
536478,22752,SET 7 BABUSHKA NESTING BOXES,9,2011-08-26 10:19:00,7.65,12346,France
536479,22632,HAND WARMER RED POLKA DOT,13,2011-07-16 16:40:00,1.85,12376,Belgium
536479,71053,WHITE METAL LANTERN,13,2011-07-16 16:40:00,3.39,12376,Belgium
536480,84406B,CREAM CUPID HEARTS COAT HANGER,19,2011-12-09 09:52:00,2.75,12361,Germany
536480,22752,SET 7 BABUSHKA NESTING BOXES,4,2011-12-09 09:52:00,7.65,12361,Germany
536481,71053,WHITE METAL LANTERN,3,2011-05-01 09:55:00,3.39,12348,United Kingdom
536482,22749,FELTCRAFT PRINCESS CHARLOTTE DOLL,20,2010-09-07 16:09:00,3.75,12357,France
536482,22749,FELTCRAFT PRINCESS CHARLOTTE DOLL,21,2010-09-07 16:09:00,3.75,12357,France
536482,84029G,KNITTED UNION FLAG HOT WATER BOTTLE,4,2010-09-07 16:09:00,3.39,12357,France
536483,85099B,JUMBO BAG RED RETROSPOT,13,2010-01-10 13:58:00,1.65,12407,Germany
536484,85099B,JUMBO BAG RED RETROSPOT,3,2011-01-07 17:04:00,1.65,12374,Australia
536484,22633,HAND WARMER UNION JACK,9,2011-01-07 17:04:00,1.85,12374,Australia
536485,22745,POPPY'S PLAYHOUSE BEDROOM,2,2010-06-12 10:27:00,2.1,,Belgium
536485,22749,FELTCRAFT PRINCESS CHARLOTTE DOLL,21,2010-06-12 10:27:00,3.75,,Belgium
536485,84879,ASSORTED COLOUR BIRD ORNAMENT,20,2010-06-12 10:27:00,1.69,,Belgium
536485,85123A,WHITE HANGING HEART T-LIGHT HOLDER,14,2010-06-12 10:27:00,2.55,,Belgium
536485,22632,HAND WARMER RED POLKA DOT,20,2010-06-12 10:27:00,1.85,,Belgium
536486,22632,HAND WARMER RED POLKA DOT,18,2011-12-26 17:52:00,1.85,12349,Switzerland
536486,84406B,CREAM CUPID HEARTS COAT HANGER,12,2011-12-26 17:52:00,2.75,12349,Switzerland
536486,22748,POPPY'S PLAYHOUSE KITCHEN,4,2011-12-26 17:52:00,2.1,12349,Switzerland
536486,22748,POPPY'S PLAYHOUSE KITCHEN,18,2011-12-26 17:52:00,2.1,12349,Switzerland
536486,21730,GLASS STAR FROSTED T-LIGHT HOLDER,23,2011-12-26 17:52:00,4.25,12349,Switzerland
536486,22633,HAND WARMER UNION JACK,22,2011-12-26 17:52:00,1.85,12349,Switzerland
536487,22632,HAND WARMER RED POLKA DOT,20,2011-06-22 09:50:00,1.85,12423,Netherlands
536487,71053,WHITE METAL LANTERN,9,2011-06-22 09:50:00,3.39,12423,Netherlands
536487,84029E,RED WOOLLY HOTTIE WHITE HEART,15,2011-06-22 09:50:00,3.39,12423,Netherlands
536487,85123A,WHITE HANGING HEART T-LIGHT HOLDER,7,2011-06-22 09:50:00,2.55,12423,Netherlands
536487,47566,PARTY BUNTING,14,2011-06-22 09:50:00,4.95,12423,Netherlands
536487,22745,POPPY'S PLAYHOUSE BEDROOM,15,2011-06-22 09:50:00,2.1,12423,Netherlands
536488,47566,PARTY BUNTING,22,2011-06-26 13:01:00,4.95,12402,Australia
536488,84406B,CREAM CUPID HEARTS COAT HANGER,14,2011-06-26 13:01:00,2.75,12402,Australia
536488,71053,WHITE METAL LANTERN,6,2011-06-26 13:01:00,3.39,12402,Australia
536488,22633,HAND WARMER UNION JACK,13,2011-06-26 13:01:00,1.85,12402,Australia
536488,84029E,RED WOOLLY HOTTIE WHITE HEART,1,2011-06-26 13:01:00,3.39,12402,Australia
536488,84879,ASSORTED COLOUR BIRD ORNAMENT,18,2011-06-26 13:01:00,1.69,12402,Australia
536489,85099B,JUMBO BAG RED RETROSPOT,22,2011-04-09 15:13:00,1.65,12390,Spain
536490,21730,GLASS STAR FROSTED T-LIGHT HOLDER,11,2010-01-09 14:24:00,4.25,12388,Spain
536490,22748,POPPY'S PLAYHOUSE KITCHEN,18,2010-01-09 14:24:00,2.1,12388,Spain
536490,22749,FELTCRAFT PRINCESS CHARLOTTE DOLL,4,2010-01-09 14:24:00,3.75,12388,Spain
536490,22745,POPPY'S PLAYHOUSE BEDROOM,13,2010-01-09 14:24:00,2.1,12388,Spain
536490,84029G,KNITTED UNION FLAG HOT WATER BOTTLE,4,2010-01-09 14:24:00,3.39,12388,Spain
536491,21730,GLASS STAR FROSTED T-LIGHT HOLDER,4,2010-04-26 08:15:00,4.25,12385,United Kingdom
536491,85123A,WHITE HANGING HEART T-LIGHT HOLDER,21,2010-04-26 08:15:00,2.55,12385,United Kingdom
536491,85099B,JUMBO BAG RED RETROSPOT,2,2010-04-26 08:15:00,1.65,12385,United Kingdom
536492,21730,GLASS STAR FROSTED T-LIGHT HOLDER,10,2011-07-12 10:54:00,4.25,12386,Belgium
536492,84029E,RED WOOLLY HOTTIE WHITE HEART,24,2011-07-12 10:54:00,3.39,12386,Belgium
536492,22749,FELTCRAFT PRINCESS CHARLOTTE DOLL,9,2011-07-12 10:54:00,3.75,12386,Belgium
536492,22632,HAND WARMER RED POLKA DOT,3,2011-07-12 10:54:00,1.85,12386,Belgium
536492,22633,HAND WARMER UNION JACK,1,2011-07-12 10:54:00,1.85,12386,Belgium
536493,85099B,JUMBO BAG RED RETROSPOT,17,2011-05-15 11:59:00,1.65,12363,United Kingdom
536493,84029G,KNITTED UNION FLAG HOT WATER BOTTLE,18,2011-05-15 11:59:00,3.39,12363,United Kingdom
536493,84029E,RED WOOLLY HOTTIE WHITE HEART,7,2011-05-15 11:59:00,3.39,12363,United Kingdom
536493,71053,WHITE METAL LANTERN,10,2011-05-15 11:59:00,3.39,12363,United Kingdom
536494,85099B,JUMBO BAG RED RETROSPOT,2,2010-01-06 14:01:00,1.65,12415,Spain
536494,71053,WHITE METAL LANTERN,22,2010-01-06 14:01:00,3.39,12415,Spain
536495,84029E,RED WOOLLY HOTTIE WHITE HEART,4,2011-11-17 08:05:00,3.39,,Spain
536495,22632,HAND WARMER RED POLKA DOT,13,2011-11-17 08:05:00,1.85,,Spain
536495,22632,HAND WARMER RED POLKA DOT,18,2011-11-17 08:05:00,1.85,,Spain
536495,85123A,WHITE HANGING HEART T-LIGHT HOLDER,12,2011-11-17 08:05:00,2.55,,Spain
536496,47566,PARTY BUNTING,22,2011-11-07 08:23:00,4.95,12373,France
536496,84879,ASSORTED COLOUR BIRD ORNAMENT,1,2011-11-07 08:23:00,1.69,12373,France
536497,84029E,RED WOOLLY HOTTIE WHITE HEART,8,2010-03-18 13:13:00,3.39,12387,Spain
536497,22745,POPPY'S PLAYHOUSE BEDROOM,1,2010-03-18 13:13:00,2.1,12387,Spain
536498,22632,HAND WARMER RED POLKA DOT,16,2011-05-19 14:17:00,1.85,12385,Germany
536498,22745,POPPY'S PLAYHOUSE BEDROOM,5,2011-05-19 14:17:00,2.1,12385,Germany
536499,84029E,RED WOOLLY HOTTIE WHITE HEART,19,2011-06-15 10:49:00,3.39,12400,Belgium
536499,22748,POPPY'S PLAYHOUSE KITCHEN,3,2011-06-15 10:49:00,2.1,12400,Belgium
536499,84029E,RED WOOLLY HOTTIE WHITE HEART,3,2011-06-15 10:49:00,3.39,12400,Belgium
536500,22745,POPPY'S PLAYHOUSE BEDROOM,24,2010-06-08 15:21:00,2.1,12350,United Kingdom
536500,22745,POPPY'S PLAYHOUSE BEDROOM,6,2010-06-08 15:21:00,2.1,12350,United Kingdom
536500,22748,POPPY'S PLAYHOUSE KITCHEN,18,2010-06-08 15:21:00,2.1,12350,United Kingdom
536500,84029G,KNITTED UNION FLAG HOT WATER BOTTLE,14,2010-06-08 15:21:00,3.39,12350,United Kingdom
536500,85099B,JUMBO BAG RED RETROSPOT,19,2010-06-08 15:21:00,1.65,12350,United Kingdom
536501,22745,POPPY'S PLAYHOUSE BEDROOM,19,2011-03-23 10:11:00,2.1,12390,Switzerland
536501,84879,ASSORTED COLOUR BIRD ORNAMENT,7,2011-03-23 10:11:00,1.69,12390,Switzerland
536501,22752,SET 7 BABUSHKA NESTING BOXES,8,2011-03-23 10:11:00,7.65,12390,Switzerland
536501,84029G,KNITTED UNION FLAG HOT WATER BOTTLE,6,2011-03-23 10:11:00,3.39,12390,Switzerland
536502,47566,PARTY BUNTING,18,2010-10-07 12:14:00,4.95,12351,Germany
536503,22748,POPPY'S PLAYHOUSE KITCHEN,16,2011-04-20 08:20:00,2.1,12421,Australia
536503,22749,FELTCRAFT PRINCESS CHARLOTTE DOLL,10,2011-04-20 08:20:00,3.75,12421,Australia
536503,47566,PARTY BUNTING,1,2011-04-20 08:20:00,4.95,12421,Australia
536503,85099B,JUMBO BAG RED RETROSPOT,15,2011-04-20 08:20:00,1.65,12421,Australia
536504,22752,SET 7 BABUSHKA NESTING BOXES,23,2011-06-14 13:11:00,7.65,12361,United Kingdom
536504,84029E,RED WOOLLY HOTTIE WHITE HEART,24,2011-06-14 13:11:00,3.39,12361,United Kingdom
536504,22633,HAND WARMER UNION JACK,11,2011-06-14 13:11:00,1.85,12361,United Kingdom
536504,22749,FELTCRAFT PRINCESS CHARLOTTE DOLL,16,2011-06-14 13:11:00,3.75,12361,United Kingdom
536504,71053,WHITE METAL LANTERN,9,2011-06-14 13:11:00,3.39,12361,United Kingdom
C536505,21730,GLASS STAR FROSTED T-LIGHT HOLDER,-1,2011-05-24 16:12:00,4.25,12349,Netherlands
C536505,84879,ASSORTED COLOUR BIRD ORNAMENT,-11,2011-05-24 16:12:00,1.69,12349,Netherlands
C536505,47566,PARTY BUNTING,-1,2011-05-24 16:12:00,4.95,12349,Netherlands
536506,71053,WHITE METAL LANTERN,22,2010-04-11 17:51:00,3.39,12394,Australia
536506,71053,WHITE METAL LANTERN,21,2010-04-11 17:51:00,3.39,12394,Australia
536506,84879,ASSORTED COLOUR BIRD ORNAMENT,6,2010-04-11 17:51:00,1.69,12394,Australia
536507,21730,GLASS STAR FROSTED T-LIGHT HOLDER,16,2010-02-26 10:38:00,4.25,12403,France
536507,21730,GLASS STAR FROSTED T-LIGHT HOLDER,9,2010-02-26 10:38:00,4.25,12403,France
536508,84029E,RED WOOLLY HOTTIE WHITE HEART,9,2010-08-05 14:47:00,3.39,12405,Netherlands
536509,22745,POPPY'S PLAYHOUSE BEDROOM,6,2011-04-03 14:53:00,2.1,12419,Australia
536509,22632,HAND WARMER RED POLKA DOT,10,2011-04-03 14:53:00,1.85,12419,Australia
536509,85099B,JUMBO BAG RED RETROSPOT,1,2011-04-03 14:53:00,1.65,12419,Australia
536509,22748,POPPY'S PLAYHOUSE KITCHEN,5,2011-04-03 14:53:00,2.1,12419,Australia
536510,85099B,JUMBO BAG RED RETROSPOT,6,2011-05-26 09:46:00,1.65,,Germany
536510,47566,PARTY BUNTING,7,2011-05-26 09:46:00,4.95,,Germany
536511,22749,FELTCRAFT PRINCESS CHARLOTTE DOLL,4,2010-10-13 12:31:00,3.75,12373,United Kingdom
536511,22632,HAND WARMER RED POLKA DOT,19,2010-10-13 12:31:00,1.85,12373,United Kingdom
536511,84029E,RED WOOLLY HOTTIE WHITE HEART,22,2010-10-13 12:31:00,3.39,12373,United Kingdom
536511,22632,HAND WARMER RED POLKA DOT,8,2010-10-13 12:31:00,1.85,12373,United Kingdom
536511,84029E,RED WOOLLY HOTTIE WHITE HEART,12,2010-10-13 12:31:00,3.39,12373,United Kingdom
536511,84406B,CREAM CUPID HEARTS COAT HANGER,10,2010-10-13 12:31:00,2.75,12373,United Kingdom
536512,22749,FELTCRAFT PRINCESS CHARLOTTE DOLL,11,2010-08-01 09:33:00,3.75,,United Kingdom
536512,84879,ASSORTED COLOUR BIRD ORNAMENT,18,2010-08-01 09:33:00,1.69,,United Kingdom
536512,84029E,RED WOOLLY HOTTIE WHITE HEART,19,2010-08-01 09:33:00,3.39,,United Kingdom
536512,21730,GLASS STAR FROSTED T-LIGHT HOLDER,3,2010-08-01 09:33:00,4.25,,United Kingdom
536513,22749,FELTCRAFT PRINCESS CHARLOTTE DOLL,22,2011-08-12 10:04:00,3.75,12425,United Kingdom
536514,22745,POPPY'S PLAYHOUSE BEDROOM,1,2010-01-22 11:19:00,2.1,12384,Spain
536514,85099B,JUMBO BAG RED RETROSPOT,22,2010-01-22 11:19:00,1.65,12384,Spain
536515,84406B,CREAM CUPID HEARTS COAT HANGER,22,2011-01-20 10:16:00,2.75,12363,France
536515,21730,GLASS STAR FROSTED T-LIGHT HOLDER,17,2011-01-20 10:16:00,4.25,12363,France
536516,22749,FELTCRAFT PRINCESS CHARLOTTE DOLL,24,2011-09-05 13:33:00,3.75,12409,Germany
536516,85123A,WHITE HANGING HEART T-LIGHT HOLDER,23,2011-09-05 13:33:00,2.55,12409,Germany
536517,84406B,CREAM CUPID HEARTS COAT HANGER,23,2011-03-19 15:15:00,2.75,12413,United Kingdom
536517,22633,HAND WARMER UNION JACK,18,2011-03-19 15:15:00,1.85,12413,United Kingdom
536517,85099B,JUMBO BAG RED RETROSPOT,9,2011-03-19 15:15:00,1.65,12413,United Kingdom
536517,84879,ASSORTED COLOUR BIRD ORNAMENT,2,2011-03-19 15:15:00,1.69,12413,United Kingdom
536517,84879,ASSORTED COLOUR BIRD ORNAMENT,8,2011-03-19 15:15:00,1.69,12413,United Kingdom
536518,85099B,JUMBO BAG RED RETROSPOT,14,2011-11-28 18:47:00,1.65,12367,France
536518,71053,WHITE METAL LANTERN,6,2011-11-28 18:47:00,3.39,12367,France
536518,85099B,JUMBO BAG RED RETROSPOT,3,2011-11-28 18:47:00,1.65,12367,France
536518,85099B,JUMBO BAG RED RETROSPOT,10,2011-11-28 18:47:00,1.65,12367,France
536519,84879,ASSORTED COLOUR BIRD ORNAMENT,2,2011-10-12 12:19:00,1.69,12372,Belgium
536519,47566,PARTY BUNTING,14,2011-10-12 12:19:00,4.95,12372,Belgium
536519,22749,FELTCRAFT PRINCESS CHARLOTTE DOLL,22,2011-10-12 12:19:00,3.75,12372,Belgium
536520,22633,HAND WARMER UNION JACK,15,2011-11-11 08:16:00,1.85,12359,France
536521,22752,SET 7 BABUSHKA NESTING BOXES,18,2011-03-11 08:12:00,7.65,12421,Belgium
536521,71053,WHITE METAL LANTERN,11,2011-03-11 08:12:00,3.39,12421,Belgium
536522,84879,ASSORTED COLOUR BIRD ORNAMENT,13,2011-05-28 12:21:00,1.69,12355,Germany
536523,22632,HAND WARMER RED POLKA DOT,9,2010-06-26 11:49:00,1.85,12346,Switzerland
536523,22749,FELTCRAFT PRINCESS CHARLOTTE DOLL,23,2010-06-26 11:49:00,3.75,12346,Switzerland
536523,22632,HAND WARMER RED POLKA DOT,18,2010-06-26 11:49:00,1.85,12346,Switzerland
536523,22745,POPPY'S PLAYHOUSE BEDROOM,11,2010-06-26 11:49:00,2.1,12346,Switzerland
536523,22632,HAND WARMER RED POLKA DOT,21,2010-06-26 11:49:00,1.85,12346,Switzerland
536524,85123A,WHITE HANGING HEART T-LIGHT HOLDER,2,2011-05-04 10:15:00,2.55,12404,Netherlands
536524,47566,PARTY BUNTING,22,2011-05-04 10:15:00,4.95,12404,Netherlands
536524,22745,POPPY'S PLAYHOUSE BEDROOM,10,2011-05-04 10:15:00,2.1,12404,Netherlands
536524,71053,WHITE METAL LANTERN,10,2011-05-04 10:15:00,3.39,12404,Netherlands
536524,22632,HAND WARMER RED POLKA DOT,13,2011-05-04 10:15:00,1.85,12404,Netherlands
536525,84029E,RED WOOLLY HOTTIE WHITE HEART,15,2011-12-01 16:50:00,3.39,12373,Switzerland
536525,85099B,JUMBO BAG RED RETROSPOT,23,2011-12-01 16:50:00,1.65,12373,Switzerland
536525,22745,POPPY'S PLAYHOUSE BEDROOM,11,2011-12-01 16:50:00,2.1,12373,Switzerland
536525,22745,POPPY'S PLAYHOUSE BEDROOM,10,2011-12-01 16:50:00,2.1,12373,Switzerland
536526,71053,WHITE METAL LANTERN,12,2011-05-09 09:35:00,3.39,,Spain
536527,85123A,WHITE HANGING HEART T-LIGHT HOLDER,23,2011-09-04 11:26:00,2.55,12346,Switzerland
536528,22752,SET 7 BABUSHKA NESTING BOXES,13,2011-04-20 18:00:00,7.65,12394,France
536528,21730,GLASS STAR FROSTED T-LIGHT HOLDER,5,2011-04-20 18:00:00,4.25,12394,France
536528,85123A,WHITE HANGING HEART T-LIGHT HOLDER,2,2011-04-20 18:00:00,2.55,12394,France
536528,22752,SET 7 BABUSHKA NESTING BOXES,23,2011-04-20 18:00:00,7.65,12394,France
536529,85123A,WHITE HANGING HEART T-LIGHT HOLDER,22,2011-10-23 18:18:00,2.55,12402,Australia
536529,85099B,JUMBO BAG RED RETROSPOT,2,2011-10-23 18:18:00,1.65,12402,Australia
536529,22749,FELTCRAFT PRINCESS CHARLOTTE DOLL,1,2011-10-23 18:18:00,3.75,12402,Australia
536529,84879,ASSORTED COLOUR BIRD ORNAMENT,15,2011-10-23 18:18:00,1.69,12402,Australia
C536530,47566,PARTY BUNTING,-6,2011-11-04 12:23:00,4.95,12382,United Kingdom
C536530,84029E,RED WOOLLY HOTTIE WHITE HEART,-8,2011-11-04 12:23:00,3.39,12382,United Kingdom
C536530,22632,HAND WARMER RED POLKA DOT,-2,2011-11-04 12:23:00,1.85,12382,United Kingdom
C536530,85099B,JUMBO BAG RED RETROSPOT,-2,2011-11-04 12:23:00,1.65,12382,United Kingdom
C536530,22745,POPPY'S PLAYHOUSE BEDROOM,-12,2011-11-04 12:23:00,2.1,12382,United Kingdom
C536531,22632,HAND WARMER RED POLKA DOT,-9,2011-11-17 10:35:00,1.85,12371,Belgium
C536531,22752,SET 7 BABUSHKA NESTING BOXES,-11,2011-11-17 10:35:00,7.65,12371,Belgium
C536531,22633,HAND WARMER UNION JACK,-5,2011-11-17 10:35:00,1.85,12371,Belgium
C536532,85099B,JUMBO BAG RED RETROSPOT,-9,2011-04-24 09:12:00,1.65,12359,Australia
C536532,21730,GLASS STAR FROSTED T-LIGHT HOLDER,-11,2011-04-24 09:12:00,4.25,12359,Australia
C536532,85123A,WHITE HANGING HEART T-LIGHT HOLDER,-11,2011-04-24 09:12:00,2.55,12359,Australia
536533,22632,HAND WARMER RED POLKA DOT,9,2011-07-20 16:01:00,1.85,12410,Switzerland
536533,22745,POPPY'S PLAYHOUSE BEDROOM,13,2011-07-20 16:01:00,2.1,12410,Switzerland
536533,22632,HAND WARMER RED POLKA DOT,8,2011-07-20 16:01:00,1.85,12410,Switzerland
536533,84406B,CREAM CUPID HEARTS COAT HANGER,17,2011-07-20 16:01:00,2.75,12410,Switzerland
536533,84029E,RED WOOLLY HOTTIE WHITE HEART,16,2011-07-20 16:01:00,3.39,12410,Switzerland
536534,84029E,RED WOOLLY HOTTIE WHITE HEART,23,2010-06-13 13:54:00,3.39,,Belgium
536534,22633,HAND WARMER UNION JACK,19,2010-06-13 13:54:00,1.85,,Belgium
536535,22633,HAND WARMER UNION JACK,17,2011-07-15 12:27:00,1.85,12400,Germany
536535,84029E,RED WOOLLY HOTTIE WHITE HEART,20,2011-07-15 12:27:00,3.39,12400,Germany
536536,84029G,KNITTED UNION FLAG HOT WATER BOTTLE,24,2011-12-10 15:26:00,3.39,12412,Germany
536536,22632,HAND WARMER RED POLKA DOT,4,2011-12-10 15:26:00,1.85,12412,Germany
536536,22745,POPPY'S PLAYHOUSE BEDROOM,17,2011-12-10 15:26:00,2.1,12412,Germany
536536,22745,POPPY'S PLAYHOUSE BEDROOM,23,2011-12-10 15:26:00,2.1,12412,Germany
536536,22632,HAND WARMER RED POLKA DOT,3,2011-12-10 15:26:00,1.85,12412,Germany
536536,22633,HAND WARMER UNION JACK,13,2011-12-10 15:26:00,1.85,12412,Germany
536537,84029G,KNITTED UNION FLAG HOT WATER BOTTLE,8,2010-08-28 15:17:00,3.39,,Spain
536537,85099B,JUMBO BAG RED RETROSPOT,16,2010-08-28 15:17:00,1.65,,Spain
536538,84029E,RED WOOLLY HOTTIE WHITE HEART,1,2011-10-22 14:13:00,3.39,12361,Belgium
536538,21730,GLASS STAR FROSTED T-LIGHT HOLDER,16,2011-10-22 14:13:00,4.25,12361,Belgium
536538,22748,POPPY'S PLAYHOUSE KITCHEN,19,2011-10-22 14:13:00,2.1,12361,Belgium
536539,22632,HAND WARMER RED POLKA DOT,8,2011-10-21 15:57:00,1.85,12355,United Kingdom
536539,84029E,RED WOOLLY HOTTIE WHITE HEART,18,2011-10-21 15:57:00,3.39,12355,United Kingdom
536539,85099B,JUMBO BAG RED RETROSPOT,16,2011-10-21 15:57:00,1.65,12355,United Kingdom
536539,47566,PARTY BUNTING,22,2011-10-21 15:57:00,4.95,12355,United Kingdom
536539,22752,SET 7 BABUSHKA NESTING BOXES,22,2011-10-21 15:57:00,7.65,12355,United Kingdom
536540,71053,WHITE METAL LANTERN,7,2011-09-26 16:04:00,3.39,12361,Netherlands
536540,84879,ASSORTED COLOUR BIRD ORNAMENT,2,2011-09-26 16:04:00,1.69,12361,Netherlands
536540,84879,ASSORTED COLOUR BIRD ORNAMENT,21,2011-09-26 16:04:00,1.69,12361,Netherlands
C536541,22633,HAND WARMER UNION JACK,-4,2011-01-13 10:06:00,1.85,12425,Belgium
C536541,22748,POPPY'S PLAYHOUSE KITCHEN,-3,2011-01-13 10:06:00,2.1,12425,Belgium
536542,22748,POPPY'S PLAYHOUSE KITCHEN,9,2011-12-27 14:31:00,2.1,12384,Spain
536542,71053,WHITE METAL LANTERN,12,2011-12-27 14:31:00,3.39,12384,Spain
536542,21730,GLASS STAR FROSTED T-LIGHT HOLDER,15,2011-12-27 14:31:00,4.25,12384,Spain
536543,22752,SET 7 BABUSHKA NESTING BOXES,23,2010-06-07 10:43:00,7.65,12411,Australia
536543,22749,FELTCRAFT PRINCESS CHARLOTTE DOLL,18,2010-06-07 10:43:00,3.75,12411,Australia
536544,85099B,JUMBO BAG RED RETROSPOT,23,2011-07-12 08:09:00,1.65,12378,Australia
536545,85099B,JUMBO BAG RED RETROSPOT,17,2010-09-26 18:08:00,1.65,12390,Germany
536546,84029E,RED WOOLLY HOTTIE WHITE HEART,1,2011-07-16 17:55:00,3.39,12384,Netherlands
536546,84879,ASSORTED COLOUR BIRD ORNAMENT,5,2011-07-16 17:55:00,1.69,12384,Netherlands
536546,22745,POPPY'S PLAYHOUSE BEDROOM,4,2011-07-16 17:55:00,2.1,12384,Netherlands
536546,22749,FELTCRAFT PRINCESS CHARLOTTE DOLL,2,2011-07-16 17:55:00,3.75,12384,Netherlands
536547,22749,FELTCRAFT PRINCESS CHARLOTTE DOLL,12,2011-05-07 12:50:00,3.75,12403,Australia
536547,84029G,KNITTED UNION FLAG HOT WATER BOTTLE,17,2011-05-07 12:50:00,3.39,12403,Australia
536547,22748,POPPY'S PLAYHOUSE KITCHEN,1,2011-05-07 12:50:00,2.1,12403,Australia
536547,71053,WHITE METAL LANTERN,23,2011-05-07 12:50:00,3.39,12403,Australia
536547,22633,HAND WARMER UNION JACK,10,2011-05-07 12:50:00,1.85,12403,Australia
536548,22749,FELTCRAFT PRINCESS CHARLOTTE DOLL,16,2011-09-09 17:40:00,3.75,12375,Germany
536548,22749,FELTCRAFT PRINCESS CHARLOTTE DOLL,7,2011-09-09 17:40:00,3.75,12375,Germany
536548,84406B,CREAM CUPID HEARTS COAT HANGER,24,2011-09-09 17:40:00,2.75,12375,Germany
536549,85123A,WHITE HANGING HEART T-LIGHT HOLDER,7,2011-02-07 17:21:00,2.55,12356,Germany
536549,84406B,CREAM CUPID HEARTS COAT HANGER,2,2011-02-07 17:21:00,2.75,12356,Germany
536550,84029E,RED WOOLLY HOTTIE WHITE HEART,16,2011-09-07 11:35:00,3.39,12411,Belgium
536550,22745,POPPY'S PLAYHOUSE BEDROOM,13,2011-09-07 11:35:00,2.1,12411,Belgium
536550,47566,PARTY BUNTING,11,2011-09-07 11:35:00,4.95,12411,Belgium
536551,22749,FELTCRAFT PRINCESS CHARLOTTE DOLL,5,2011-10-21 12:29:00,3.75,12368,Germany
536551,22752,SET 7 BABUSHKA NESTING BOXES,3,2011-10-21 12:29:00,7.65,12368,Germany
536551,85099B,JUMBO BAG RED RETROSPOT,2,2011-10-21 12:29:00,1.65,12368,Germany
536551,85099B,JUMBO BAG RED RETROSPOT,10,2011-10-21 12:29:00,1.65,12368,Germany
536552,22752,SET 7 BABUSHKA NESTING BOXES,11,2010-06-26 11:05:00,7.65,12364,France
536552,84029G,KNITTED UNION FLAG HOT WATER BOTTLE,2,2010-06-26 11:05:00,3.39,12364,France
536552,22632,HAND WARMER RED POLKA DOT,1,2010-06-26 11:05:00,1.85,12364,France
536552,22632,HAND WARMER RED POLKA DOT,24,2010-06-26 11:05:00,1.85,12364,France
536552,84879,ASSORTED COLOUR BIRD ORNAMENT,19,2010-06-26 11:05:00,1.69,12364,France
536552,71053,WHITE METAL LANTERN,21,2010-06-26 11:05:00,3.39,12364,France
536553,22749,FELTCRAFT PRINCESS CHARLOTTE DOLL,7,2011-02-27 17:40:00,3.75,12361,United Kingdom
536553,71053,WHITE METAL LANTERN,23,2011-02-27 17:40:00,3.39,12361,United Kingdom
536553,84406B,CREAM CUPID HEARTS COAT HANGER,6,2011-02-27 17:40:00,2.75,12361,United Kingdom
536553,84406B,CREAM CUPID HEARTS COAT HANGER,12,2011-02-27 17:40:00,2.75,12361,United Kingdom
536553,84029G,KNITTED UNION FLAG HOT WATER BOTTLE,8,2011-02-27 17:40:00,3.39,12361,United Kingdom
536554,47566,PARTY BUNTING,4,2011-09-16 14:59:00,4.95,12416,Netherlands
536554,22633,HAND WARMER UNION JACK,6,2011-09-16 14:59:00,1.85,12416,Netherlands
536555,84879,ASSORTED COLOUR BIRD ORNAMENT,7,2011-04-27 14:55:00,1.69,12364,Spain
536555,84029E,RED WOOLLY HOTTIE WHITE HEART,24,2011-04-27 14:55:00,3.39,12364,Spain
536555,84879,ASSORTED COLOUR BIRD ORNAMENT,14,2011-04-27 14:55:00,1.69,12364,Spain
536555,22748,POPPY'S PLAYHOUSE KITCHEN,7,2011-04-27 14:55:00,2.1,12364,Spain
536555,22745,POPPY'S PLAYHOUSE BEDROOM,16,2011-04-27 14:55:00,2.1,12364,Spain
536555,22632,HAND WARMER RED POLKA DOT,12,2011-04-27 14:55:00,1.85,12364,Spain
536556,71053,WHITE METAL LANTERN,20,2011-10-26 10:21:00,3.39,12421,France
536556,22633,HAND WARMER UNION JACK,10,2011-10-26 10:21:00,1.85,12421,France
536556,22745,POPPY'S PLAYHOUSE BEDROOM,5,2011-10-26 10:21:00,2.1,12421,France
536557,47566,PARTY BUNTING,18,2011-03-14 13:15:00,4.95,12418,Spain
536557,22752,SET 7 BABUSHKA NESTING BOXES,24,2011-03-14 13:15:00,7.65,12418,Spain
536557,22748,POPPY'S PLAYHOUSE KITCHEN,8,2011-03-14 13:15:00,2.1,12418,Spain
536557,22632,HAND WARMER RED POLKA DOT,20,2011-03-14 13:15:00,1.85,12418,Spain
536557,84406B,CREAM CUPID HEARTS COAT HANGER,16,2011-03-14 13:15:00,2.75,12418,Spain
536557,85123A,WHITE HANGING HEART T-LIGHT HOLDER,10,2011-03-14 13:15:00,2.55,12418,Spain
536558,84406B,CREAM CUPID HEARTS COAT HANGER,12,2011-02-17 09:55:00,2.75,12348,United Kingdom
536558,47566,PARTY BUNTING,19,2011-02-17 09:55:00,4.95,12348,United Kingdom
536558,22752,SET 7 BABUSHKA NESTING BOXES,16,2011-02-17 09:55:00,7.65,12348,United Kingdom
536558,85123A,WHITE HANGING HEART T-LIGHT HOLDER,18,2011-02-17 09:55:00,2.55,12348,United Kingdom
536558,71053,WHITE METAL LANTERN,4,2011-02-17 09:55:00,3.39,12348,United Kingdom
536559,84406B,CREAM CUPID HEARTS COAT HANGER,6,2011-06-07 11:47:00,2.75,12382,France
536559,22633,HAND WARMER UNION JACK,12,2011-06-07 11:47:00,1.85,12382,France
536560,21730,GLASS STAR FROSTED T-LIGHT HOLDER,9,2010-04-03 14:22:00,4.25,12364,United Kingdom
536561,85099B,JUMBO BAG RED RETROSPOT,14,2011-02-22 13:54:00,1.65,12379,Germany
536561,22745,POPPY'S PLAYHOUSE BEDROOM,2,2011-02-22 13:54:00,2.1,12379,Germany
536561,22633,HAND WARMER UNION JACK,7,2011-02-22 13:54:00,1.85,12379,Germany
536562,22749,FELTCRAFT PRINCESS CHARLOTTE DOLL,19,2010-06-09 12:37:00,3.75,12374,Australia
536562,84406B,CREAM CUPID HEARTS COAT HANGER,6,2010-06-09 12:37:00,2.75,12374,Australia
536562,84406B,CREAM CUPID HEARTS COAT HANGER,9,2010-06-09 12:37:00,2.75,12374,Australia
536563,84029E,RED WOOLLY HOTTIE WHITE HEART,4,2010-08-14 17:17:00,3.39,12354,United Kingdom
536564,84029E,RED WOOLLY HOTTIE WHITE HEART,13,2011-02-16 11:46:00,3.39,,Belgium
536564,22632,HAND WARMER RED POLKA DOT,3,2011-02-16 11:46:00,1.85,,Belgium
536564,47566,PARTY BUNTING,7,2011-02-16 11:46:00,4.95,,Belgium
536564,84029G,KNITTED UNION FLAG HOT WATER BOTTLE,13,2011-02-16 11:46:00,3.39,,Belgium
536564,22745,POPPY'S PLAYHOUSE BEDROOM,12,2011-02-16 11:46:00,2.1,,Belgium
536565,85099B,JUMBO BAG RED RETROSPOT,2,2011-03-17 18:34:00,1.65,12368,Australia
536565,84029G,KNITTED UNION FLAG HOT WATER BOTTLE,21,2011-03-17 18:34:00,3.39,12368,Australia
536565,22633,HAND WARMER UNION JACK,7,2011-03-17 18:34:00,1.85,12368,Australia
536565,84406B,CREAM CUPID HEARTS COAT HANGER,23,2011-03-17 18:34:00,2.75,12368,Australia
536565,71053,WHITE METAL LANTERN,23,2011-03-17 18:34:00,3.39,12368,Australia
536566,84029G,KNITTED UNION FLAG HOT WATER BOTTLE,10,2011-07-07 11:24:00,3.39,12386,Belgium
536566,21730,GLASS STAR FROSTED T-LIGHT HOLDER,10,2011-07-07 11:24:00,4.25,12386,Belgium
536567,22745,POPPY'S PLAYHOUSE BEDROOM,1,2011-05-02 11:13:00,2.1,12361,United Kingdom
536567,47566,PARTY BUNTING,2,2011-05-02 11:13:00,4.95,12361,United Kingdom
536567,21730,GLASS STAR FROSTED T-LIGHT HOLDER,10,2011-05-02 11:13:00,4.25,12361,United Kingdom
536567,85099B,JUMBO BAG RED RETROSPOT,21,2011-05-02 11:13:00,1.65,12361,United Kingdom
536567,84029G,KNITTED UNION FLAG HOT WATER BOTTLE,1,2011-05-02 11:13:00,3.39,12361,United Kingdom
536568,84029G,KNITTED UNION FLAG HOT WATER BOTTLE,23,2011-11-13 13:12:00,3.39,12414,Spain
536568,84879,ASSORTED COLOUR BIRD ORNAMENT,24,2011-11-13 13:12:00,1.69,12414,Spain
536568,85123A,WHITE HANGING HEART T-LIGHT HOLDER,8,2011-11-13 13:12:00,2.55,12414,Spain
536569,22745,POPPY'S PLAYHOUSE BEDROOM,10,2011-12-12 12:53:00,2.1,12362,Australia
536569,22632,HAND WARMER RED POLKA DOT,24,2011-12-12 12:53:00,1.85,12362,Australia
536569,22745,POPPY'S PLAYHOUSE BEDROOM,24,2011-12-12 12:53:00,2.1,12362,Australia
536569,84406B,CREAM CUPID HEARTS COAT HANGER,21,2011-12-12 12:53:00,2.75,12362,Australia
536569,22748,POPPY'S PLAYHOUSE KITCHEN,16,2011-12-12 12:53:00,2.1,12362,Australia
536569,84029E,RED WOOLLY HOTTIE WHITE HEART,11,2011-12-12 12:53:00,3.39,12362,Australia
536570,84406B,CREAM CUPID HEARTS COAT HANGER,6,2010-04-14 10:14:00,2.75,12414,Switzerland
536570,85123A,WHITE HANGING HEART T-LIGHT HOLDER,15,2010-04-14 10:14:00,2.55,12414,Switzerland
536570,85123A,WHITE HANGING HEART T-LIGHT HOLDER,5,2010-04-14 10:14:00,2.55,12414,Switzerland
536571,85123A,WHITE HANGING HEART T-LIGHT HOLDER,12,2010-08-24 17:39:00,2.55,12346,Germany
536571,22632,HAND WARMER RED POLKA DOT,11,2010-08-24 17:39:00,1.85,12346,Germany
536571,22632,HAND WARMER RED POLKA DOT,19,2010-08-24 17:39:00,1.85,12346,Germany
536571,22748,POPPY'S PLAYHOUSE KITCHEN,10,2010-08-24 17:39:00,2.1,12346,Germany
536572,22632,HAND WARMER RED POLKA DOT,18,2011-06-11 11:57:00,1.85,12402,France
536572,47566,PARTY BUNTING,15,2011-06-11 11:57:00,4.95,12402,France
536572,22752,SET 7 BABUSHKA NESTING BOXES,18,2011-06-11 11:57:00,7.65,12402,France
536572,84879,ASSORTED COLOUR BIRD ORNAMENT,10,2011-06-11 11:57:00,1.69,12402,France
536572,85099B,JUMBO BAG RED RETROSPOT,20,2011-06-11 11:57:00,1.65,12402,France
536573,85099B,JUMBO BAG RED RETROSPOT,20,2011-03-12 15:10:00,1.65,12399,United Kingdom
536573,85099B,JUMBO BAG RED RETROSPOT,11,2011-03-12 15:10:00,1.65,12399,United Kingdom
536573,22752,SET 7 BABUSHKA NESTING BOXES,10,2011-03-12 15:10:00,7.65,12399,United Kingdom
536573,47566,PARTY BUNTING,14,2011-03-12 15:10:00,4.95,12399,United Kingdom
536573,84029G,KNITTED UNION FLAG HOT WATER BOTTLE,13,2011-03-12 15:10:00,3.39,12399,United Kingdom
536574,71053,WHITE METAL LANTERN,14,2011-04-25 12:54:00,3.39,12371,United Kingdom
536574,22745,POPPY'S PLAYHOUSE BEDROOM,2,2011-04-25 12:54:00,2.1,12371,United Kingdom
536574,22632,HAND WARMER RED POLKA DOT,12,2011-04-25 12:54:00,1.85,12371,United Kingdom
536574,84879,ASSORTED COLOUR BIRD ORNAMENT,2,2011-04-25 12:54:00,1.69,12371,United Kingdom
536574,85123A,WHITE HANGING HEART T-LIGHT HOLDER,21,2011-04-25 12:54:00,2.55,12371,United Kingdom
536574,85123A,WHITE HANGING HEART T-LIGHT HOLDER,16,2011-04-25 12:54:00,2.55,12371,United Kingdom
536575,21730,GLASS STAR FROSTED T-LIGHT HOLDER,1,2011-12-12 09:55:00,4.25,12348,Spain
536575,85099B,JUMBO BAG RED RETROSPOT,15,2011-12-12 09:55:00,1.65,12348,Spain
536575,22633,HAND WARMER UNION JACK,14,2011-12-12 09:55:00,1.85,12348,Spain
536575,22752,SET 7 BABUSHKA NESTING BOXES,13,2011-12-12 09:55:00,7.65,12348,Spain
536575,22748,POPPY'S PLAYHOUSE KITCHEN,8,2011-12-12 09:55:00,2.1,12348,Spain
536576,84406B,CREAM CUPID HEARTS COAT HANGER,5,2011-03-03 09:08:00,2.75,12351,Switzerland
536576,84406B,CREAM CUPID HEARTS COAT HANGER,21,2011-03-03 09:08:00,2.75,12351,Switzerland
536576,47566,PARTY BUNTING,2,2011-03-03 09:08:00,4.95,12351,Switzerland
536577,21730,GLASS STAR FROSTED T-LIGHT HOLDER,12,2011-04-18 12:43:00,4.25,12351,France
536577,22632,HAND WARMER RED POLKA DOT,11,2011-04-18 12:43:00,1.85,12351,France
536578,22745,POPPY'S PLAYHOUSE BEDROOM,14,2011-04-13 09:53:00,2.1,12393,Belgium
536578,85123A,WHITE HANGING HEART T-LIGHT HOLDER,21,2011-04-13 09:53:00,2.55,12393,Belgium
536578,71053,WHITE METAL LANTERN,6,2011-04-13 09:53:00,3.39,12393,Belgium
536578,22748,POPPY'S PLAYHOUSE KITCHEN,13,2011-04-13 09:53:00,2.1,12393,Belgium
536578,84029E,RED WOOLLY HOTTIE WHITE HEART,24,2011-04-13 09:53:00,3.39,12393,Belgium
536578,84879,ASSORTED COLOUR BIRD ORNAMENT,3,2011-04-13 09:53:00,1.69,12393,Belgium
536579,85123A,WHITE HANGING HEART T-LIGHT HOLDER,23,2011-06-19 17:49:00,2.55,12386,Switzerland
536579,84029E,RED WOOLLY HOTTIE WHITE HEART,20,2011-06-19 17:49:00,3.39,12386,Switzerland
536579,84029E,RED WOOLLY HOTTIE WHITE HEART,24,2011-06-19 17:49:00,3.39,12386,Switzerland
536580,47566,PARTY BUNTING,6,2011-02-18 13:46:00,4.95,12351,Spain
536580,22633,HAND WARMER UNION JACK,8,2011-02-18 13:46:00,1.85,12351,Spain
536580,84029E,RED WOOLLY HOTTIE WHITE HEART,6,2011-02-18 13:46:00,3.39,12351,Spain
536580,22745,POPPY'S PLAYHOUSE BEDROOM,4,2011-02-18 13:46:00,2.1,12351,Spain
536580,22749,FELTCRAFT PRINCESS CHARLOTTE DOLL,15,2011-02-18 13:46:00,3.75,12351,Spain
536580,85123A,WHITE HANGING HEART T-LIGHT HOLDER,3,2011-02-18 13:46:00,2.55,12351,Spain
536581,85123A,WHITE HANGING HEART T-LIGHT HOLDER,15,2011-09-03 08:00:00,2.55,,Germany
536581,84029E,RED WOOLLY HOTTIE WHITE HEART,24,2011-09-03 08:00:00,3.39,,Germany
536581,22752,SET 7 BABUSHKA NESTING BOXES,3,2011-09-03 08:00:00,7.65,,Germany
536582,84029E,RED WOOLLY HOTTIE WHITE HEART,23,2011-12-17 14:40:00,3.39,12383,Germany
536582,21730,GLASS STAR FROSTED T-LIGHT HOLDER,8,2011-12-17 14:40:00,4.25,12383,Germany
536582,22752,SET 7 BABUSHKA NESTING BOXES,10,2011-12-17 14:40:00,7.65,12383,Germany
536582,85099B,JUMBO BAG RED RETROSPOT,21,2011-12-17 14:40:00,1.65,12383,Germany
536582,22752,SET 7 BABUSHKA NESTING BOXES,24,2011-12-17 14:40:00,7.65,12383,Germany
536582,84406B,CREAM CUPID HEARTS COAT HANGER,9,2011-12-17 14:40:00,2.75,12383,Germany
536583,22633,HAND WARMER UNION JACK,24,2011-11-15 17:24:00,1.85,12370,Australia
536583,22745,POPPY'S PLAYHOUSE BEDROOM,11,2011-11-15 17:24:00,2.1,12370,Australia
536583,84406B,CREAM CUPID HEARTS COAT HANGER,22,2011-11-15 17:24:00,2.75,12370,Australia
536583,84406B,CREAM CUPID HEARTS COAT HANGER,5,2011-11-15 17:24:00,2.75,12370,Australia
536583,85123A,WHITE HANGING HEART T-LIGHT HOLDER,22,2011-11-15 17:24:00,2.55,12370,Australia
536584,22752,SET 7 BABUSHKA NESTING BOXES,23,2010-02-17 09:38:00,7.65,12423,Switzerland
536584,21730,GLASS STAR FROSTED T-LIGHT HOLDER,7,2010-02-17 09:38:00,4.25,12423,Switzerland
536584,22745,POPPY'S PLAYHOUSE BEDROOM,15,2010-02-17 09:38:00,2.1,12423,Switzerland
536584,84406B,CREAM CUPID HEARTS COAT HANGER,21,2010-02-17 09:38:00,2.75,12423,Switzerland
C536585,84879,ASSORTED COLOUR BIRD ORNAMENT,-10,2011-02-17 18:03:00,1.69,12422,Australia
C536585,85123A,WHITE HANGING HEART T-LIGHT HOLDER,-7,2011-02-17 18:03:00,2.55,12422,Australia
536586,85123A,WHITE HANGING HEART T-LIGHT HOLDER,24,2011-09-18 17:16:00,2.55,12399,Belgium
536586,85099B,JUMBO BAG RED RETROSPOT,4,2011-09-18 17:16:00,1.65,12399,Belgium
536586,22632,HAND WARMER RED POLKA DOT,1,2011-09-18 17:16:00,1.85,12399,Belgium
536586,22748,POPPY'S PLAYHOUSE KITCHEN,24,2011-09-18 17:16:00,2.1,12399,Belgium
536586,22632,HAND WARMER RED POLKA DOT,9,2011-09-18 17:16:00,1.85,12399,Belgium
536587,22748,POPPY'S PLAYHOUSE KITCHEN,22,2011-08-16 15:52:00,2.1,12404,Australia
536587,21730,GLASS STAR FROSTED T-LIGHT HOLDER,23,2011-08-16 15:52:00,4.25,12404,Australia
536587,21730,GLASS STAR FROSTED T-LIGHT HOLDER,10,2011-08-16 15:52:00,4.25,12404,Australia
536587,22752,SET 7 BABUSHKA NESTING BOXES,15,2011-08-16 15:52:00,7.65,12404,Australia
536587,47566,PARTY BUNTING,3,2011-08-16 15:52:00,4.95,12404,Australia
536588,71053,WHITE METAL LANTERN,1,2011-10-01 08:04:00,3.39,12352,Netherlands
536588,84029E,RED WOOLLY HOTTIE WHITE HEART,4,2011-10-01 08:04:00,3.39,12352,Netherlands
536588,21730,GLASS STAR FROSTED T-LIGHT HOLDER,1,2011-10-01 08:04:00,4.25,12352,Netherlands
536588,84029G,KNITTED UNION FLAG HOT WATER BOTTLE,19,2011-10-01 08:04:00,3.39,12352,Netherlands
536588,22748,POPPY'S PLAYHOUSE KITCHEN,18,2011-10-01 08:04:00,2.1,12352,Netherlands
536588,22632,HAND WARMER RED POLKA DOT,22,2011-10-01 08:04:00,1.85,12352,Netherlands
536589,71053,WHITE METAL LANTERN,4,2011-03-08 11:50:00,3.39,12419,Netherlands
536589,84879,ASSORTED COLOUR BIRD ORNAMENT,5,2011-03-08 11:50:00,1.69,12419,Netherlands
536590,85099B,JUMBO BAG RED RETROSPOT,10,2011-06-10 17:57:00,1.65,12417,Belgium
536590,85123A,WHITE HANGING HEART T-LIGHT HOLDER,6,2011-06-10 17:57:00,2.55,12417,Belgium
536590,84029E,RED WOOLLY HOTTIE WHITE HEART,13,2011-06-10 17:57:00,3.39,12417,Belgium
536590,22752,SET 7 BABUSHKA NESTING BOXES,21,2011-06-10 17:57:00,7.65,12417,Belgium
536590,22633,HAND WARMER UNION JACK,21,2011-06-10 17:57:00,1.85,12417,Belgium
536590,84029G,KNITTED UNION FLAG HOT WATER BOTTLE,23,2011-06-10 17:57:00,3.39,12417,Belgium
536591,22749,FELTCRAFT PRINCESS CHARLOTTE DOLL,7,2011-08-07 15:33:00,3.75,12364,Spain
536591,47566,PARTY BUNTING,7,2011-08-07 15:33:00,4.95,12364,Spain
536591,22632,HAND WARMER RED POLKA DOT,13,2011-08-07 15:33:00,1.85,12364,Spain
536591,22745,POPPY'S PLAYHOUSE BEDROOM,18,2011-08-07 15:33:00,2.1,12364,Spain
536592,84879,ASSORTED COLOUR BIRD ORNAMENT,10,2010-08-19 17:36:00,1.69,12395,Switzerland
536593,22749,FELTCRAFT PRINCESS CHARLOTTE DOLL,18,2011-09-05 18:00:00,3.75,12419,United Kingdom
536593,22633,HAND WARMER UNION JACK,23,2011-09-05 18:00:00,1.85,12419,United Kingdom
536593,84029G,KNITTED UNION FLAG HOT WATER BOTTLE,14,2011-09-05 18:00:00,3.39,12419,United Kingdom
536593,84879,ASSORTED COLOUR BIRD ORNAMENT,11,2011-09-05 18:00:00,1.69,12419,United Kingdom
536593,22749,FELTCRAFT PRINCESS CHARLOTTE DOLL,19,2011-09-05 18:00:00,3.75,12419,United Kingdom
536594,84029E,RED WOOLLY HOTTIE WHITE HEART,12,2010-02-21 17:32:00,3.39,12365,Netherlands
536595,84029E,RED WOOLLY HOTTIE WHITE HEART,1,2011-08-19 10:48:00,3.39,12425,Germany
536595,22632,HAND WARMER RED POLKA DOT,24,2011-08-19 10:48:00,1.85,12425,Germany
536595,22749,FELTCRAFT PRINCESS CHARLOTTE DOLL,18,2011-08-19 10:48:00,3.75,12425,Germany
536596,84879,ASSORTED COLOUR BIRD ORNAMENT,2,2011-04-03 15:21:00,1.69,12376,Australia
536596,22749,FELTCRAFT PRINCESS CHARLOTTE DOLL,5,2011-04-03 15:21:00,3.75,12376,Australia
536596,85123A,WHITE HANGING HEART T-LIGHT HOLDER,11,2011-04-03 15:21:00,2.55,12376,Australia
536596,22748,POPPY'S PLAYHOUSE KITCHEN,22,2011-04-03 15:21:00,2.1,12376,Australia
536596,22745,POPPY'S PLAYHOUSE BEDROOM,11,2011-04-03 15:21:00,2.1,12376,Australia
536597,84879,ASSORTED COLOUR BIRD ORNAMENT,5,2011-10-09 15:44:00,1.69,12355,United Kingdom
536597,21730,GLASS STAR FROSTED T-LIGHT HOLDER,5,2011-10-09 15:44:00,4.25,12355,United Kingdom
536597,22752,SET 7 BABUSHKA NESTING BOXES,10,2011-10-09 15:44:00,7.65,12355,United Kingdom
536597,85099B,JUMBO BAG RED RETROSPOT,21,2011-10-09 15:44:00,1.65,12355,United Kingdom
536597,71053,WHITE METAL LANTERN,6,2011-10-09 15:44:00,3.39,12355,United Kingdom
536597,22633,HAND WARMER UNION JACK,17,2011-10-09 15:44:00,1.85,12355,United Kingdom
536598,84879,ASSORTED COLOUR BIRD ORNAMENT,4,2011-12-03 17:47:00,1.69,,Switzerland
536598,84406B,CREAM CUPID HEARTS COAT HANGER,9,2011-12-03 17:47:00,2.75,,Switzerland
536598,71053,WHITE METAL LANTERN,19,2011-12-03 17:47:00,3.39,,Switzerland
C536599,22633,HAND WARMER UNION JACK,-4,2011-01-19 10:11:00,1.85,12363,Australia
536600,84029G,KNITTED UNION FLAG HOT WATER BOTTLE,4,2011-07-11 08:11:00,3.39,12400,Spain
536600,22632,HAND WARMER RED POLKA DOT,16,2011-07-11 08:11:00,1.85,12400,Spain
536600,71053,WHITE METAL LANTERN,12,2011-07-11 08:11:00,3.39,12400,Spain
536600,22749,FELTCRAFT PRINCESS CHARLOTTE DOLL,11,2011-07-11 08:11:00,3.75,12400,Spain
536601,22745,POPPY'S PLAYHOUSE BEDROOM,24,2011-06-05 13:57:00,2.1,12422,Switzerland
536601,21730,GLASS STAR FROSTED T-LIGHT HOLDER,3,2011-06-05 13:57:00,4.25,12422,Switzerland
536601,22745,POPPY'S PLAYHOUSE BEDROOM,14,2011-06-05 13:57:00,2.1,12422,Switzerland
536602,22752,SET 7 BABUSHKA NESTING BOXES,7,2011-08-20 16:02:00,7.65,12420,Germany
536602,22633,HAND WARMER UNION JACK,5,2011-08-20 16:02:00,1.85,12420,Germany
536603,85099B,JUMBO BAG RED RETROSPOT,1,2011-09-17 15:57:00,1.65,,United Kingdom
536603,84029G,KNITTED UNION FLAG HOT WATER BOTTLE,9,2011-09-17 15:57:00,3.39,,United Kingdom
536603,22748,POPPY'S PLAYHOUSE KITCHEN,7,2011-09-17 15:57:00,2.1,,United Kingdom
536603,84029G,KNITTED UNION FLAG HOT WATER BOTTLE,15,2011-09-17 15:57:00,3.39,,United Kingdom
536604,85099B,JUMBO BAG RED RETROSPOT,5,2011-09-22 16:44:00,1.65,12350,Belgium
536604,84879,ASSORTED COLOUR BIRD ORNAMENT,9,2011-09-22 16:44:00,1.69,12350,Belgium
536604,22752,SET 7 BABUSHKA NESTING BOXES,16,2011-09-22 16:44:00,7.65,12350,Belgium
536604,84406B,CREAM CUPID HEARTS COAT HANGER,8,2011-09-22 16:44:00,2.75,12350,Belgium
536604,47566,PARTY BUNTING,21,2011-09-22 16:44:00,4.95,12350,Belgium
536604,22752,SET 7 BABUSHKA NESTING BOXES,19,2011-09-22 16:44:00,7.65,12350,Belgium
536605,22748,POPPY'S PLAYHOUSE KITCHEN,17,2011-12-07 09:42:00,2.1,12370,Australia
536605,22632,HAND WARMER RED POLKA DOT,7,2011-12-07 09:42:00,1.85,12370,Australia
536606,84406B,CREAM CUPID HEARTS COAT HANGER,7,2010-12-24 13:31:00,2.75,12405,Netherlands
536606,84406B,CREAM CUPID HEARTS COAT HANGER,6,2010-12-24 13:31:00,2.75,12405,Netherlands
536607,22745,POPPY'S PLAYHOUSE BEDROOM,1,2011-09-12 18:14:00,2.1,12398,Spain
536608,47566,PARTY BUNTING,16,2011-04-14 08:00:00,4.95,12370,Netherlands
536608,85099B,JUMBO BAG RED RETROSPOT,12,2011-04-14 08:00:00,1.65,12370,Netherlands
536608,85123A,WHITE HANGING HEART T-LIGHT HOLDER,5,2011-04-14 08:00:00,2.55,12370,Netherlands
536608,22748,POPPY'S PLAYHOUSE KITCHEN,3,2011-04-14 08:00:00,2.1,12370,Netherlands
536608,22632,HAND WARMER RED POLKA DOT,5,2011-04-14 08:00:00,1.85,12370,Netherlands
536608,22632,HAND WARMER RED POLKA DOT,21,2011-04-14 08:00:00,1.85,12370,Netherlands
536609,22748,POPPY'S PLAYHOUSE KITCHEN,17,2011-03-17 09:43:00,2.1,12357,Netherlands
536609,84879,ASSORTED COLOUR BIRD ORNAMENT,23,2011-03-17 09:43:00,1.69,12357,Netherlands
536609,85099B,JUMBO BAG RED RETROSPOT,2,2011-03-17 09:43:00,1.65,12357,Netherlands
536609,22749,FELTCRAFT PRINCESS CHARLOTTE DOLL,20,2011-03-17 09:43:00,3.75,12357,Netherlands
536609,22749,FELTCRAFT PRINCESS CHARLOTTE DOLL,5,2011-03-17 09:43:00,3.75,12357,Netherlands
536609,84406B,CREAM CUPID HEARTS COAT HANGER,4,2011-03-17 09:43:00,2.75,12357,Netherlands
536610,71053,WHITE METAL LANTERN,23,2011-07-03 14:31:00,3.39,12377,Switzerland
536610,22752,SET 7 BABUSHKA NESTING BOXES,9,2011-07-03 14:31:00,7.65,12377,Switzerland
536610,22745,POPPY'S PLAYHOUSE BEDROOM,10,2011-07-03 14:31:00,2.1,12377,Switzerland
536610,22748,POPPY'S PLAYHOUSE KITCHEN,4,2011-07-03 14:31:00,2.1,12377,Switzerland
536610,22632,HAND WARMER RED POLKA DOT,7,2011-07-03 14:31:00,1.85,12377,Switzerland
536610,22633,HAND WARMER UNION JACK,20,2011-07-03 14:31:00,1.85,12377,Switzerland
536611,22748,POPPY'S PLAYHOUSE KITCHEN,13,2010-07-23 11:18:00,2.1,12414,Switzerland
536612,71053,WHITE METAL LANTERN,13,2011-12-08 10:37:00,3.39,12410,France
536612,22749,FELTCRAFT PRINCESS CHARLOTTE DOLL,12,2011-12-08 10:37:00,3.75,12410,France
536613,84406B,CREAM CUPID HEARTS COAT HANGER,13,2010-06-28 10:15:00,2.75,12411,Switzerland
536613,22745,POPPY'S PLAYHOUSE BEDROOM,18,2010-06-28 10:15:00,2.1,12411,Switzerland
536613,22752,SET 7 BABUSHKA NESTING BOXES,10,2010-06-28 10:15:00,7.65,12411,Switzerland
536613,21730,GLASS STAR FROSTED T-LIGHT HOLDER,13,2010-06-28 10:15:00,4.25,12411,Switzerland
536613,22745,POPPY'S PLAYHOUSE BEDROOM,10,2010-06-28 10:15:00,2.1,12411,Switzerland
536614,85099B,JUMBO BAG RED RETROSPOT,22,2011-04-04 17:42:00,1.65,12387,Australia
536614,71053,WHITE METAL LANTERN,16,2011-04-04 17:42:00,3.39,12387,Australia
536614,22633,HAND WARMER UNION JACK,20,2011-04-04 17:42:00,1.85,12387,Australia
536614,71053,WHITE METAL LANTERN,5,2011-04-04 17:42:00,3.39,12387,Australia
536614,22749,FELTCRAFT PRINCESS CHARLOTTE DOLL,20,2011-04-04 17:42:00,3.75,12387,Australia
536614,84879,ASSORTED COLOUR BIRD ORNAMENT,12,2011-04-04 17:42:00,1.69,12387,Australia
536615,22752,SET 7 BABUSHKA NESTING BOXES,10,2011-02-09 17:22:00,7.65,12422,Netherlands
536615,22633,HAND WARMER UNION JACK,6,2011-02-09 17:22:00,1.85,12422,Netherlands
536615,22633,HAND WARMER UNION JACK,3,2011-02-09 17:22:00,1.85,12422,Netherlands
536616,84879,ASSORTED COLOUR BIRD ORNAMENT,19,2010-04-12 13:44:00,1.69,12387,Netherlands
536616,22745,POPPY'S PLAYHOUSE BEDROOM,8,2010-04-12 13:44:00,2.1,12387,Netherlands
536616,84029G,KNITTED UNION FLAG HOT WATER BOTTLE,5,2010-04-12 13:44:00,3.39,12387,Netherlands
536617,22749,FELTCRAFT PRINCESS CHARLOTTE DOLL,7,2010-03-21 12:03:00,3.75,12410,Australia
536617,84029E,RED WOOLLY HOTTIE WHITE HEART,9,2010-03-21 12:03:00,3.39,12410,Australia
536617,84029E,RED WOOLLY HOTTIE WHITE HEART,2,2010-03-21 12:03:00,3.39,12410,Australia
536618,22748,POPPY'S PLAYHOUSE KITCHEN,4,2011-03-08 12:34:00,2.1,,Spain
536618,21730,GLASS STAR FROSTED T-LIGHT HOLDER,8,2011-03-08 12:34:00,4.25,,Spain
536618,85123A,WHITE HANGING HEART T-LIGHT HOLDER,22,2011-03-08 12:34:00,2.55,,Spain
536618,47566,PARTY BUNTING,14,2011-03-08 12:34:00,4.95,,Spain
536618,84029G,KNITTED UNION FLAG HOT WATER BOTTLE,20,2011-03-08 12:34:00,3.39,,Spain
536618,22749,FELTCRAFT PRINCESS CHARLOTTE DOLL,16,2011-03-08 12:34:00,3.75,,Spain
536619,21730,GLASS STAR FROSTED T-LIGHT HOLDER,13,2011-04-19 08:58:00,4.25,12346,Australia
536619,85123A,WHITE HANGING HEART T-LIGHT HOLDER,21,2011-04-19 08:58:00,2.55,12346,Australia
536619,84029G,KNITTED UNION FLAG HOT WATER BOTTLE,2,2011-04-19 08:58:00,3.39,12346,Australia
536620,84879,ASSORTED COLOUR BIRD ORNAMENT,17,2011-08-18 14:12:00,1.69,12387,Switzerland
536620,22632,HAND WARMER RED POLKA DOT,6,2011-08-18 14:12:00,1.85,12387,Switzerland
536620,22752,SET 7 BABUSHKA NESTING BOXES,8,2011-08-18 14:12:00,7.65,12387,Switzerland
536620,22745,POPPY'S PLAYHOUSE BEDROOM,5,2011-08-18 14:12:00,2.1,12387,Switzerland
536621,84029E,RED WOOLLY HOTTIE WHITE HEART,7,2011-06-16 13:34:00,3.39,12416,Switzerland
536621,22752,SET 7 BABUSHKA NESTING BOXES,2,2011-06-16 13:34:00,7.65,12416,Switzerland
536622,84029E,RED WOOLLY HOTTIE WHITE HEART,15,2011-09-08 17:32:00,3.39,12380,Netherlands
536622,22633,HAND WARMER UNION JACK,19,2011-09-08 17:32:00,1.85,12380,Netherlands
536623,21730,GLASS STAR FROSTED T-LIGHT HOLDER,4,2011-08-19 15:23:00,4.25,12398,France
536623,21730,GLASS STAR FROSTED T-LIGHT HOLDER,14,2011-08-19 15:23:00,4.25,12398,France
536623,85099B,JUMBO BAG RED RETROSPOT,19,2011-08-19 15:23:00,1.65,12398,France
536623,84029E,RED WOOLLY HOTTIE WHITE HEART,6,2011-08-19 15:23:00,3.39,12398,France
536623,84029G,KNITTED UNION FLAG HOT WATER BOTTLE,17,2011-08-19 15:23:00,3.39,12398,France
536624,84406B,CREAM CUPID HEARTS COAT HANGER,10,2011-01-01 11:32:00,2.75,12404,France
536624,71053,WHITE METAL LANTERN,20,2011-01-01 11:32:00,3.39,12404,France
536625,22632,HAND WARMER RED POLKA DOT,14,2011-03-24 14:24:00,1.85,12391,Belgium
536625,21730,GLASS STAR FROSTED T-LIGHT HOLDER,21,2011-03-24 14:24:00,4.25,12391,Belgium
536625,22748,POPPY'S PLAYHOUSE KITCHEN,1,2011-03-24 14:24:00,2.1,12391,Belgium
536625,84029G,KNITTED UNION FLAG HOT WATER BOTTLE,3,2011-03-24 14:24:00,3.39,12391,Belgium
536626,85123A,WHITE HANGING HEART T-LIGHT HOLDER,8,2011-03-18 10:07:00,2.55,12394,Belgium
536626,85123A,WHITE HANGING HEART T-LIGHT HOLDER,1,2011-03-18 10:07:00,2.55,12394,Belgium
536626,22748,POPPY'S PLAYHOUSE KITCHEN,9,2011-03-18 10:07:00,2.1,12394,Belgium
536626,22632,HAND WARMER RED POLKA DOT,7,2011-03-18 10:07:00,1.85,12394,Belgium
536627,84879,ASSORTED COLOUR BIRD ORNAMENT,18,2011-02-01 14:43:00,1.69,12380,Australia
536627,84029G,KNITTED UNION FLAG HOT WATER BOTTLE,10,2011-02-01 14:43:00,3.39,12380,Australia
536627,22752,SET 7 BABUSHKA NESTING BOXES,11,2011-02-01 14:43:00,7.65,12380,Australia
536627,21730,GLASS STAR FROSTED T-LIGHT HOLDER,8,2011-02-01 14:43:00,4.25,12380,Australia
536628,85123A,WHITE HANGING HEART T-LIGHT HOLDER,13,2011-06-16 11:41:00,2.55,12375,Spain
536628,22745,POPPY'S PLAYHOUSE BEDROOM,16,2011-06-16 11:41:00,2.1,12375,Spain
536628,22752,SET 7 BABUSHKA NESTING BOXES,6,2011-06-16 11:41:00,7.65,12375,Spain
536628,71053,WHITE METAL LANTERN,11,2011-06-16 11:41:00,3.39,12375,Spain
536629,71053,WHITE METAL LANTERN,14,2011-06-12 10:51:00,3.39,12406,Germany
536629,85123A,WHITE HANGING HEART T-LIGHT HOLDER,12,2011-06-12 10:51:00,2.55,12406,Germany
536629,21730,GLASS STAR FROSTED T-LIGHT HOLDER,9,2011-06-12 10:51:00,4.25,12406,Germany
536629,22745,POPPY'S PLAYHOUSE BEDROOM,23,2011-06-12 10:51:00,2.1,12406,Germany
536629,84029E,RED WOOLLY HOTTIE WHITE HEART,9,2011-06-12 10:51:00,3.39,12406,Germany
536630,85099B,JUMBO BAG RED RETROSPOT,23,2011-10-10 11:52:00,1.65,12374,France
536630,84029E,RED WOOLLY HOTTIE WHITE HEART,13,2011-10-10 11:52:00,3.39,12374,France
536630,84406B,CREAM CUPID HEARTS COAT HANGER,12,2011-10-10 11:52:00,2.75,12374,France
536630,22752,SET 7 BABUSHKA NESTING BOXES,11,2011-10-10 11:52:00,7.65,12374,France
536630,84879,ASSORTED COLOUR BIRD ORNAMENT,4,2011-10-10 11:52:00,1.69,12374,France
536630,84029E,RED WOOLLY HOTTIE WHITE HEART,16,2011-10-10 11:52:00,3.39,12374,France
536631,22632,HAND WARMER RED POLKA DOT,14,2010-08-21 10:03:00,1.85,12372,United Kingdom
536631,71053,WHITE METAL LANTERN,17,2010-08-21 10:03:00,3.39,12372,United Kingdom
536631,22748,POPPY'S PLAYHOUSE KITCHEN,17,2010-08-21 10:03:00,2.1,12372,United Kingdom
536631,84879,ASSORTED COLOUR BIRD ORNAMENT,22,2010-08-21 10:03:00,1.69,12372,United Kingdom
536631,22752,SET 7 BABUSHKA NESTING BOXES,22,2010-08-21 10:03:00,7.65,12372,United Kingdom
536631,22748,POPPY'S PLAYHOUSE KITCHEN,22,2010-08-21 10:03:00,2.1,12372,United Kingdom
536632,85099B,JUMBO BAG RED RETROSPOT,24,2010-04-13 14:12:00,1.65,12370,Germany
536632,84029E,RED WOOLLY HOTTIE WHITE HEART,14,2010-04-13 14:12:00,3.39,12370,Germany
536632,22748,POPPY'S PLAYHOUSE KITCHEN,21,2010-04-13 14:12:00,2.1,12370,Germany
536633,85099B,JUMBO BAG RED RETROSPOT,16,2011-02-28 08:57:00,1.65,12355,Australia
536633,71053,WHITE METAL LANTERN,2,2011-02-28 08:57:00,3.39,12355,Australia
536633,85099B,JUMBO BAG RED RETROSPOT,4,2011-02-28 08:57:00,1.65,12355,Australia
536634,47566,PARTY BUNTING,17,2010-07-06 10:38:00,4.95,12361,Germany
536635,22749,FELTCRAFT PRINCESS CHARLOTTE DOLL,21,2011-01-26 18:30:00,3.75,12405,Spain
536635,84029G,KNITTED UNION FLAG HOT WATER BOTTLE,8,2011-01-26 18:30:00,3.39,12405,Spain
536635,22632,HAND WARMER RED POLKA DOT,18,2011-01-26 18:30:00,1.85,12405,Spain
536635,22633,HAND WARMER UNION JACK,19,2011-01-26 18:30:00,1.85,12405,Spain
536635,84029E,RED WOOLLY HOTTIE WHITE HEART,5,2011-01-26 18:30:00,3.39,12405,Spain
536636,22752,SET 7 BABUSHKA NESTING BOXES,4,2010-08-24 17:01:00,7.65,12388,United Kingdom
536636,21730,GLASS STAR FROSTED T-LIGHT HOLDER,10,2010-08-24 17:01:00,4.25,12388,United Kingdom
536636,22745,POPPY'S PLAYHOUSE BEDROOM,18,2010-08-24 17:01:00,2.1,12388,United Kingdom
536637,85099B,JUMBO BAG RED RETROSPOT,6,2011-06-04 17:18:00,1.65,12370,Belgium
536637,47566,PARTY BUNTING,6,2011-06-04 17:18:00,4.95,12370,Belgium
536637,22749,FELTCRAFT PRINCESS CHARLOTTE DOLL,15,2011-06-04 17:18:00,3.75,12370,Belgium
536638,22752,SET 7 BABUSHKA NESTING BOXES,13,2011-05-11 11:36:00,7.65,12357,Germany
536638,22632,HAND WARMER RED POLKA DOT,19,2011-05-11 11:36:00,1.85,12357,Germany
536638,22633,HAND WARMER UNION JACK,5,2011-05-11 11:36:00,1.85,12357,Germany
536638,22748,POPPY'S PLAYHOUSE KITCHEN,14,2011-05-11 11:36:00,2.1,12357,Germany
536638,85123A,WHITE HANGING HEART T-LIGHT HOLDER,12,2011-05-11 11:36:00,2.55,12357,Germany
536638,85099B,JUMBO BAG RED RETROSPOT,6,2011-05-11 11:36:00,1.65,12357,Germany
536639,22748,POPPY'S PLAYHOUSE KITCHEN,9,2011-01-21 18:37:00,2.1,12391,Netherlands
536639,22752,SET 7 BABUSHKA NESTING BOXES,14,2011-01-21 18:37:00,7.65,12391,Netherlands
536639,85123A,WHITE HANGING HEART T-LIGHT HOLDER,8,2011-01-21 18:37:00,2.55,12391,Netherlands
536639,22633,HAND WARMER UNION JACK,11,2011-01-21 18:37:00,1.85,12391,Netherlands
536639,84406B,CREAM CUPID HEARTS COAT HANGER,14,2011-01-21 18:37:00,2.75,12391,Netherlands
536640,84879,ASSORTED COLOUR BIRD ORNAMENT,24,2011-06-18 12:52:00,1.69,12351,Germany
536641,84029G,KNITTED UNION FLAG HOT WATER BOTTLE,3,2011-12-09 10:57:00,3.39,12372,Belgium
536641,22745,POPPY'S PLAYHOUSE BEDROOM,22,2011-12-09 10:57:00,2.1,12372,Belgium
536641,47566,PARTY BUNTING,15,2011-12-09 10:57:00,4.95,12372,Belgium
536641,85099B,JUMBO BAG RED RETROSPOT,3,2011-12-09 10:57:00,1.65,12372,Belgium
536641,71053,WHITE METAL LANTERN,19,2011-12-09 10:57:00,3.39,12372,Belgium
536642,84029G,KNITTED UNION FLAG HOT WATER BOTTLE,5,2011-11-20 17:35:00,3.39,12424,Switzerland
536642,71053,WHITE METAL LANTERN,6,2011-11-20 17:35:00,3.39,12424,Switzerland
536642,84029E,RED WOOLLY HOTTIE WHITE HEART,17,2011-11-20 17:35:00,3.39,12424,Switzerland
536643,22752,SET 7 BABUSHKA NESTING BOXES,7,2011-08-10 15:35:00,7.65,12346,France
536643,84029G,KNITTED UNION FLAG HOT WATER BOTTLE,16,2011-08-10 15:35:00,3.39,12346,France
536643,47566,PARTY BUNTING,9,2011-08-10 15:35:00,4.95,12346,France
536643,85099B,JUMBO BAG RED RETROSPOT,6,2011-08-10 15:35:00,1.65,12346,France
536644,84879,ASSORTED COLOUR BIRD ORNAMENT,23,2011-08-14 17:28:00,1.69,12424,Switzerland
536645,71053,WHITE METAL LANTERN,9,2011-07-14 08:56:00,3.39,12371,Germany
536646,85099B,JUMBO BAG RED RETROSPOT,24,2010-08-15 09:42:00,1.65,12417,United Kingdom
536646,85099B,JUMBO BAG RED RETROSPOT,15,2010-08-15 09:42:00,1.65,12417,United Kingdom
536646,47566,PARTY BUNTING,9,2010-08-15 09:42:00,4.95,12417,United Kingdom
536646,22752,SET 7 BABUSHKA NESTING BOXES,21,2010-08-15 09:42:00,7.65,12417,United Kingdom
536647,84406B,CREAM CUPID HEARTS COAT HANGER,20,2011-07-24 11:50:00,2.75,,Australia
536647,84879,ASSORTED COLOUR BIRD ORNAMENT,1,2011-07-24 11:50:00,1.69,,Australia
536647,22632,HAND WARMER RED POLKA DOT,22,2011-07-24 11:50:00,1.85,,Australia
536647,84029G,KNITTED UNION FLAG HOT WATER BOTTLE,19,2011-07-24 11:50:00,3.39,,Australia
536647,85099B,JUMBO BAG RED RETROSPOT,13,2011-07-24 11:50:00,1.65,,Australia